2026-04-27 17:54:03,967 - INFO - 🚀 Member3 Feature Pipeline Started (60s cadence, watermark-based incremental sync)
2026-04-27 17:54:03,967 - INFO - Fetching new data...
2026-04-27 17:54:04,104 - INFO - 📊 Processing 63 new rows
/home/pratishtha/EnviroSenseAi/scripts/member3_live.py:91: Pandas4Warning: Timestamp.utcnow is deprecated and will be removed in a future version. Use Timestamp.now('UTC') instead.
  current_time = pd.Timestamp.utcnow()
2026-04-27 17:54:04,111 - INFO - Sensor LIVE (lag: 54.8s)
2026-04-27 17:54:05,769 - INFO - Running clustering...
2026-04-27 17:54:05,907 - INFO - ✅ Clustering complete
2026-04-27 17:54:05,957 - INFO - ✅ Inserted 63 rows to pratishtha_features
2026-04-27 17:54:07,581 - INFO - generated new fontManager
2026-04-27 17:54:08,692 - INFO - Generating plots...
2026-04-27 17:54:09,799 - INFO - ✅ Plots updated
2026-04-27 17:54:09,800 - INFO - ✅ Cycle complete

2026-04-27 17:55:09,802 - INFO - Fetching new data...
2026-04-27 17:55:09,846 - INFO - 📊 Processing 2 new rows
/home/pratishtha/EnviroSenseAi/scripts/member3_live.py:91: Pandas4Warning: Timestamp.utcnow is deprecated and will be removed in a future version. Use Timestamp.now('UTC') instead.
  current_time = pd.Timestamp.utcnow()
2026-04-27 17:55:09,849 - INFO - Sensor LIVE (lag: 0.5s)
2026-04-27 17:55:09,855 - INFO - Running clustering...
2026-04-27 17:55:09,874 - ERROR - ❌ Clustering error: n_samples=2 should be >= n_clusters=3.
Traceback (most recent call last):
  File "/home/pratishtha/EnviroSenseAi/scripts/member3_live.py", line 110, in <module>
    df['cluster'] = kmeans.fit_predict(X_scaled)
                    ^^^^^^^^^^^^^^^^^^^^^^^^^^^^
  File "/home/pratishtha/EnviroSenseAi/.venv/lib/python3.12/site-packages/sklearn/cluster/_kmeans.py", line 1070, in fit_predict
    return self.fit(X, sample_weight=sample_weight).labels_
           ^^^^^^^^^^^^^^^^^^^^^^^^^^^^^^^^^^^^^^^^
  File "/home/pratishtha/EnviroSenseAi/.venv/lib/python3.12/site-packages/sklearn/base.py", line 1336, in wrapper
    return fit_method(estimator, *args, **kwargs)
           ^^^^^^^^^^^^^^^^^^^^^^^^^^^^^^^^^^^^^^
  File "/home/pratishtha/EnviroSenseAi/.venv/lib/python3.12/site-packages/sklearn/cluster/_kmeans.py", line 1470, in fit
    self._check_params_vs_input(X)
  File "/home/pratishtha/EnviroSenseAi/.venv/lib/python3.12/site-packages/sklearn/cluster/_kmeans.py", line 1410, in _check_params_vs_input
    super()._check_params_vs_input(X, default_n_init=10)
  File "/home/pratishtha/EnviroSenseAi/.venv/lib/python3.12/site-packages/sklearn/cluster/_kmeans.py", line 877, in _check_params_vs_input
    raise ValueError(
ValueError: n_samples=2 should be >= n_clusters=3.
2026-04-27 17:55:09,925 - INFO - ✅ Inserted 2 rows to pratishtha_features
2026-04-27 17:55:09,925 - INFO - Generating plots...
2026-04-27 17:55:10,761 - INFO - ✅ Plots updated
2026-04-27 17:55:10,761 - INFO - ✅ Cycle complete

2026-04-27 17:56:10,761 - INFO - Fetching new data...
2026-04-27 17:56:10,775 - INFO - 📊 Processing 1 new rows
/home/pratishtha/EnviroSenseAi/scripts/member3_live.py:91: Pandas4Warning: Timestamp.utcnow is deprecated and will be removed in a future version. Use Timestamp.now('UTC') instead.
  current_time = pd.Timestamp.utcnow()
2026-04-27 17:56:10,777 - INFO - Sensor LIVE (lag: 1.5s)
2026-04-27 17:56:10,780 - INFO - Running clustering...
2026-04-27 17:56:10,791 - ERROR - ❌ Clustering error: n_samples=1 should be >= n_clusters=3.
Traceback (most recent call last):
  File "/home/pratishtha/EnviroSenseAi/scripts/member3_live.py", line 110, in <module>
    df['cluster'] = kmeans.fit_predict(X_scaled)
                    ^^^^^^^^^^^^^^^^^^^^^^^^^^^^
  File "/home/pratishtha/EnviroSenseAi/.venv/lib/python3.12/site-packages/sklearn/cluster/_kmeans.py", line 1070, in fit_predict
    return self.fit(X, sample_weight=sample_weight).labels_
           ^^^^^^^^^^^^^^^^^^^^^^^^^^^^^^^^^^^^^^^^
  File "/home/pratishtha/EnviroSenseAi/.venv/lib/python3.12/site-packages/sklearn/base.py", line 1336, in wrapper
    return fit_method(estimator, *args, **kwargs)
           ^^^^^^^^^^^^^^^^^^^^^^^^^^^^^^^^^^^^^^
  File "/home/pratishtha/EnviroSenseAi/.venv/lib/python3.12/site-packages/sklearn/cluster/_kmeans.py", line 1470, in fit
    self._check_params_vs_input(X)
  File "/home/pratishtha/EnviroSenseAi/.venv/lib/python3.12/site-packages/sklearn/cluster/_kmeans.py", line 1410, in _check_params_vs_input
    super()._check_params_vs_input(X, default_n_init=10)
  File "/home/pratishtha/EnviroSenseAi/.venv/lib/python3.12/site-packages/sklearn/cluster/_kmeans.py", line 877, in _check_params_vs_input
    raise ValueError(
ValueError: n_samples=1 should be >= n_clusters=3.
2026-04-27 17:56:10,807 - INFO - ✅ Inserted 1 rows to pratishtha_features
2026-04-27 17:56:10,807 - INFO - Generating plots...
2026-04-27 17:56:11,759 - INFO - ✅ Plots updated
2026-04-27 17:56:11,760 - INFO - ✅ Cycle complete

2026-04-27 17:57:11,760 - INFO - Fetching new data...
2026-04-27 17:57:11,767 - INFO - 📊 Processing 1 new rows
/home/pratishtha/EnviroSenseAi/scripts/member3_live.py:91: Pandas4Warning: Timestamp.utcnow is deprecated and will be removed in a future version. Use Timestamp.now('UTC') instead.
  current_time = pd.Timestamp.utcnow()
2026-04-27 17:57:11,768 - INFO - Sensor LIVE (lag: 2.5s)
2026-04-27 17:57:11,769 - INFO - Running clustering...
2026-04-27 17:57:11,772 - ERROR - ❌ Clustering error: n_samples=1 should be >= n_clusters=3.
Traceback (most recent call last):
  File "/home/pratishtha/EnviroSenseAi/scripts/member3_live.py", line 110, in <module>
    df['cluster'] = kmeans.fit_predict(X_scaled)
                    ^^^^^^^^^^^^^^^^^^^^^^^^^^^^
  File "/home/pratishtha/EnviroSenseAi/.venv/lib/python3.12/site-packages/sklearn/cluster/_kmeans.py", line 1070, in fit_predict
    return self.fit(X, sample_weight=sample_weight).labels_
           ^^^^^^^^^^^^^^^^^^^^^^^^^^^^^^^^^^^^^^^^
  File "/home/pratishtha/EnviroSenseAi/.venv/lib/python3.12/site-packages/sklearn/base.py", line 1336, in wrapper
    return fit_method(estimator, *args, **kwargs)
           ^^^^^^^^^^^^^^^^^^^^^^^^^^^^^^^^^^^^^^
  File "/home/pratishtha/EnviroSenseAi/.venv/lib/python3.12/site-packages/sklearn/cluster/_kmeans.py", line 1470, in fit
    self._check_params_vs_input(X)
  File "/home/pratishtha/EnviroSenseAi/.venv/lib/python3.12/site-packages/sklearn/cluster/_kmeans.py", line 1410, in _check_params_vs_input
    super()._check_params_vs_input(X, default_n_init=10)
  File "/home/pratishtha/EnviroSenseAi/.venv/lib/python3.12/site-packages/sklearn/cluster/_kmeans.py", line 877, in _check_params_vs_input
    raise ValueError(
ValueError: n_samples=1 should be >= n_clusters=3.
2026-04-27 17:57:11,779 - INFO - ✅ Inserted 1 rows to pratishtha_features
2026-04-27 17:57:11,779 - INFO - Generating plots...
2026-04-27 17:57:12,076 - INFO - ✅ Plots updated
2026-04-27 17:57:12,077 - INFO - ✅ Cycle complete

2026-04-27 17:58:12,077 - INFO - Fetching new data...
2026-04-27 17:58:12,086 - INFO - 📊 Processing 1 new rows
/home/pratishtha/EnviroSenseAi/scripts/member3_live.py:91: Pandas4Warning: Timestamp.utcnow is deprecated and will be removed in a future version. Use Timestamp.now('UTC') instead.
  current_time = pd.Timestamp.utcnow()
2026-04-27 17:58:12,088 - INFO - Sensor LIVE (lag: 2.8s)
2026-04-27 17:58:12,088 - INFO - Running clustering...
2026-04-27 17:58:12,093 - ERROR - ❌ Clustering error: n_samples=1 should be >= n_clusters=3.
Traceback (most recent call last):
  File "/home/pratishtha/EnviroSenseAi/scripts/member3_live.py", line 110, in <module>
    df['cluster'] = kmeans.fit_predict(X_scaled)
                    ^^^^^^^^^^^^^^^^^^^^^^^^^^^^
  File "/home/pratishtha/EnviroSenseAi/.venv/lib/python3.12/site-packages/sklearn/cluster/_kmeans.py", line 1070, in fit_predict
    return self.fit(X, sample_weight=sample_weight).labels_
           ^^^^^^^^^^^^^^^^^^^^^^^^^^^^^^^^^^^^^^^^
  File "/home/pratishtha/EnviroSenseAi/.venv/lib/python3.12/site-packages/sklearn/base.py", line 1336, in wrapper
    return fit_method(estimator, *args, **kwargs)
           ^^^^^^^^^^^^^^^^^^^^^^^^^^^^^^^^^^^^^^
  File "/home/pratishtha/EnviroSenseAi/.venv/lib/python3.12/site-packages/sklearn/cluster/_kmeans.py", line 1470, in fit
    self._check_params_vs_input(X)
  File "/home/pratishtha/EnviroSenseAi/.venv/lib/python3.12/site-packages/sklearn/cluster/_kmeans.py", line 1410, in _check_params_vs_input
    super()._check_params_vs_input(X, default_n_init=10)
  File "/home/pratishtha/EnviroSenseAi/.venv/lib/python3.12/site-packages/sklearn/cluster/_kmeans.py", line 877, in _check_params_vs_input
    raise ValueError(
ValueError: n_samples=1 should be >= n_clusters=3.
2026-04-27 17:58:12,104 - INFO - ✅ Inserted 1 rows to pratishtha_features
2026-04-27 17:58:12,104 - INFO - Generating plots...
2026-04-27 17:58:13,291 - INFO - ✅ Plots updated
2026-04-27 17:58:13,293 - INFO - ✅ Cycle complete

2026-04-27 17:59:13,293 - INFO - Fetching new data...
2026-04-27 17:59:13,298 - INFO - 📊 Processing 1 new rows
/home/pratishtha/EnviroSenseAi/scripts/member3_live.py:91: Pandas4Warning: Timestamp.utcnow is deprecated and will be removed in a future version. Use Timestamp.now('UTC') instead.
  current_time = pd.Timestamp.utcnow()
2026-04-27 17:59:13,299 - INFO - Sensor LIVE (lag: 4.0s)
2026-04-27 17:59:13,299 - INFO - Running clustering...
2026-04-27 17:59:13,301 - ERROR - ❌ Clustering error: n_samples=1 should be >= n_clusters=3.
Traceback (most recent call last):
  File "/home/pratishtha/EnviroSenseAi/scripts/member3_live.py", line 110, in <module>
    df['cluster'] = kmeans.fit_predict(X_scaled)
                    ^^^^^^^^^^^^^^^^^^^^^^^^^^^^
  File "/home/pratishtha/EnviroSenseAi/.venv/lib/python3.12/site-packages/sklearn/cluster/_kmeans.py", line 1070, in fit_predict
    return self.fit(X, sample_weight=sample_weight).labels_
           ^^^^^^^^^^^^^^^^^^^^^^^^^^^^^^^^^^^^^^^^
  File "/home/pratishtha/EnviroSenseAi/.venv/lib/python3.12/site-packages/sklearn/base.py", line 1336, in wrapper
    return fit_method(estimator, *args, **kwargs)
           ^^^^^^^^^^^^^^^^^^^^^^^^^^^^^^^^^^^^^^
  File "/home/pratishtha/EnviroSenseAi/.venv/lib/python3.12/site-packages/sklearn/cluster/_kmeans.py", line 1470, in fit
    self._check_params_vs_input(X)
  File "/home/pratishtha/EnviroSenseAi/.venv/lib/python3.12/site-packages/sklearn/cluster/_kmeans.py", line 1410, in _check_params_vs_input
    super()._check_params_vs_input(X, default_n_init=10)
  File "/home/pratishtha/EnviroSenseAi/.venv/lib/python3.12/site-packages/sklearn/cluster/_kmeans.py", line 877, in _check_params_vs_input
    raise ValueError(
ValueError: n_samples=1 should be >= n_clusters=3.
2026-04-27 17:59:13,307 - INFO - ✅ Inserted 1 rows to pratishtha_features
2026-04-27 17:59:13,307 - INFO - Generating plots...
2026-04-27 17:59:13,600 - INFO - ✅ Plots updated
2026-04-27 17:59:13,601 - INFO - ✅ Cycle complete

2026-04-27 17:59:43,851 - INFO - 🚀 Member3 Pipeline Started
2026-04-27 17:59:43,955 - INFO - No new data
2026-04-27 17:59:44,777 - INFO - Plots updated
2026-04-27 18:00:44,782 - INFO - Processing 1 rows
2026-04-27 18:00:45,981 - INFO - Assigned label: Better Air
2026-04-27 18:00:45,988 - INFO - Inserted 1 rows
2026-04-27 18:00:46,260 - INFO - Plots updated
2026-04-27 18:01:46,265 - INFO - Processing 1 rows
2026-04-27 18:01:46,277 - INFO - Assigned label: Better Air
2026-04-27 18:01:46,281 - INFO - Inserted 1 rows
2026-04-27 18:01:46,533 - INFO - Plots updated
2026-04-27 18:02:46,538 - INFO - Processing 1 rows
2026-04-27 18:02:46,549 - INFO - Assigned label: Better Air
2026-04-27 18:02:46,553 - INFO - Inserted 1 rows
2026-04-27 18:02:46,837 - INFO - Plots updated
2026-04-27 18:03:46,842 - INFO - Processing 1 rows
2026-04-27 18:03:46,855 - INFO - Assigned label: Better Air
2026-04-27 18:03:46,860 - INFO - Inserted 1 rows
2026-04-27 18:03:47,246 - INFO - Plots updated
2026-04-27 18:04:47,250 - INFO - Processing 1 rows
2026-04-27 18:04:47,264 - INFO - Assigned label: Better Air
2026-04-27 18:04:47,268 - INFO - Inserted 1 rows
2026-04-27 18:04:47,547 - INFO - Plots updated
2026-04-27 18:05:47,552 - INFO - Processing 1 rows
2026-04-27 18:05:47,565 - INFO - Assigned label: Better Air
2026-04-27 18:05:47,570 - INFO - Inserted 1 rows
2026-04-27 18:05:47,843 - INFO - Plots updated
2026-04-27 18:06:47,899 - INFO - Processing 1 rows
2026-04-27 18:06:48,027 - INFO - Assigned label: Better Air
2026-04-27 18:06:48,043 - INFO - Inserted 1 rows
2026-04-27 18:06:49,164 - INFO - Plots updated
2026-04-27 18:07:50,168 - INFO - Processing 1 rows
2026-04-27 18:07:58,547 - INFO - Assigned label: Better Air
2026-04-27 18:08:00,375 - INFO - Inserted 1 rows
2026-04-27 18:09:57,034 - INFO - Plots updated
2026-04-27 18:10:57,104 - INFO - Processing 3 rows
2026-04-27 18:10:57,212 - INFO - Assigned label: Better Air
2026-04-27 18:10:57,227 - INFO - Inserted 3 rows
2026-04-27 18:10:58,513 - INFO - Plots updated
2026-04-27 18:11:58,587 - INFO - Processing 1 rows
2026-04-27 18:11:58,706 - INFO - Assigned label: Better Air
2026-04-27 18:11:58,727 - INFO - Inserted 1 rows
2026-04-27 18:12:00,072 - INFO - Plots updated
2026-04-27 18:13:00,107 - INFO - Processing 1 rows
2026-04-27 18:13:00,149 - INFO - Assigned label: Better Air
2026-04-27 18:13:00,154 - INFO - Inserted 1 rows
2026-04-27 18:13:00,665 - INFO - Plots updated
2026-04-27 18:14:00,671 - INFO - Processing 1 rows
2026-04-27 18:14:00,688 - INFO - Assigned label: Better Air
2026-04-27 18:14:00,694 - INFO - Inserted 1 rows
2026-04-27 18:14:00,973 - INFO - Plots updated
2026-04-27 18:15:00,979 - INFO - Processing 1 rows
2026-04-27 18:15:00,996 - INFO - Assigned label: Better Air
2026-04-27 18:15:01,003 - INFO - Inserted 1 rows
2026-04-27 18:15:01,424 - INFO - Plots updated
2026-04-27 18:16:01,432 - INFO - Processing 1 rows
2026-04-27 18:16:01,454 - INFO - Assigned label: Better Air
2026-04-27 18:16:01,463 - INFO - Inserted 1 rows
2026-04-27 18:16:01,791 - INFO - Plots updated
2026-04-27 18:17:01,796 - INFO - Processing 1 rows
2026-04-27 18:17:01,815 - INFO - Assigned label: Better Air
2026-04-27 18:17:01,820 - INFO - Inserted 1 rows
2026-04-27 18:17:02,112 - INFO - Plots updated
2026-04-27 18:18:02,122 - INFO - Processing 1 rows
2026-04-27 18:18:02,141 - INFO - Assigned label: Better Air
2026-04-27 18:18:02,150 - INFO - Inserted 1 rows
2026-04-27 18:18:02,482 - INFO - Plots updated
2026-04-27 18:19:02,487 - INFO - Processing 1 rows
2026-04-27 18:19:02,502 - INFO - Assigned label: Better Air
2026-04-27 18:19:02,507 - INFO - Inserted 1 rows
2026-04-27 18:19:02,780 - INFO - Plots updated
2026-04-27 18:20:02,801 - INFO - Processing 1 rows
2026-04-27 18:20:03,787 - INFO - Assigned label: Better Air
2026-04-27 18:20:03,820 - INFO - Inserted 1 rows
2026-04-27 18:20:05,685 - INFO - Plots updated
2026-04-27 18:21:29,577 - INFO - Processing 1 rows
2026-04-27 18:21:29,831 - INFO - Assigned label: Better Air
2026-04-27 18:21:29,855 - INFO - Inserted 1 rows
2026-04-27 18:21:31,711 - INFO - Plots updated
2026-04-27 18:22:31,734 - INFO - Processing 2 rows
2026-04-27 18:22:31,829 - INFO - Assigned label: Better Air
2026-04-27 18:22:31,862 - INFO - Inserted 2 rows
2026-04-27 18:22:33,556 - INFO - Plots updated
2026-04-27 18:23:33,587 - INFO - Processing 1 rows
2026-04-27 18:23:33,627 - INFO - Assigned label: Moderate Pollution
2026-04-27 18:23:33,632 - INFO - Inserted 1 rows
2026-04-27 18:23:33,898 - INFO - Plots updated
2026-04-27 18:24:33,903 - INFO - Processing 1 rows
2026-04-27 18:24:33,915 - INFO - Assigned label: Moderate Pollution
2026-04-27 18:24:33,920 - INFO - Inserted 1 rows
2026-04-27 18:24:34,161 - INFO - Plots updated
2026-04-27 18:25:34,183 - INFO - Processing 1 rows
2026-04-27 18:25:34,257 - INFO - Assigned label: Moderate Pollution
2026-04-27 18:25:34,277 - INFO - Inserted 1 rows
2026-04-27 18:25:34,570 - INFO - Plots updated
2026-04-27 18:26:34,593 - INFO - Processing 1 rows
2026-04-27 18:26:34,657 - INFO - Assigned label: Moderate Pollution
2026-04-27 18:26:34,662 - INFO - Inserted 1 rows
2026-04-27 18:26:35,148 - INFO - Plots updated
2026-04-27 18:27:35,181 - INFO - Processing 1 rows
2026-04-27 18:27:35,274 - INFO - Assigned label: Moderate Pollution
2026-04-27 18:27:35,294 - INFO - Inserted 1 rows
2026-04-27 18:27:36,300 - INFO - Plots updated
2026-04-27 18:28:36,315 - INFO - Processing 1 rows
2026-04-27 18:28:36,363 - INFO - Assigned label: Moderate Pollution
2026-04-27 18:28:36,379 - INFO - Inserted 1 rows
2026-04-27 18:28:37,402 - INFO - Plots updated
2026-04-27 18:29:37,419 - INFO - Processing 1 rows
2026-04-27 18:29:37,468 - INFO - Assigned label: Moderate Pollution
2026-04-27 18:29:37,487 - INFO - Inserted 1 rows
2026-04-27 18:29:38,480 - INFO - Plots updated
2026-04-27 18:30:38,486 - INFO - Processing 1 rows
2026-04-27 18:30:38,501 - INFO - Assigned label: Moderate Pollution
2026-04-27 18:30:38,508 - INFO - Inserted 1 rows
2026-04-27 18:30:38,794 - INFO - Plots updated
2026-04-27 18:31:40,837 - INFO - Processing 1 rows
2026-04-27 18:32:32,590 - INFO - Assigned label: Moderate Pollution
2026-04-27 18:32:32,631 - INFO - Inserted 1 rows
2026-04-27 18:32:34,841 - INFO - Plots updated
2026-04-27 18:33:34,852 - INFO - Processing 2 rows
2026-04-27 18:33:34,888 - INFO - Assigned label: Moderate Pollution
2026-04-27 18:33:34,898 - INFO - Inserted 2 rows
2026-04-27 18:33:35,572 - INFO - Plots updated
2026-04-27 18:34:35,584 - INFO - Processing 1 rows
2026-04-27 18:34:35,616 - INFO - Assigned label: Moderate Pollution
2026-04-27 18:34:35,626 - INFO - Inserted 1 rows
2026-04-27 18:34:37,218 - INFO - Plots updated
2026-04-27 18:35:37,273 - INFO - Processing 1 rows
2026-04-27 18:35:37,360 - INFO - Assigned label: Moderate Pollution
2026-04-27 18:35:37,374 - INFO - Inserted 1 rows
2026-04-27 18:35:37,985 - INFO - Plots updated
2026-04-27 18:36:37,991 - INFO - Processing 1 rows
2026-04-27 18:36:38,016 - INFO - Assigned label: Moderate Pollution
2026-04-27 18:36:38,021 - INFO - Inserted 1 rows
2026-04-27 18:36:38,329 - INFO - Plots updated
2026-04-27 18:37:38,338 - INFO - Processing 1 rows
2026-04-27 18:37:38,351 - INFO - Assigned label: Moderate Pollution
2026-04-27 18:37:38,356 - INFO - Inserted 1 rows
2026-04-27 18:37:38,622 - INFO - Plots updated
2026-04-27 18:38:38,632 - INFO - Processing 1 rows
2026-04-27 18:38:38,649 - INFO - Assigned label: Moderate Pollution
2026-04-27 18:38:38,654 - INFO - Inserted 1 rows
2026-04-27 18:38:38,938 - INFO - Plots updated
2026-04-27 18:39:38,942 - INFO - Processing 1 rows
2026-04-27 18:39:38,955 - INFO - Assigned label: Better Air
2026-04-27 18:39:38,961 - INFO - Inserted 1 rows
2026-04-27 18:39:39,221 - INFO - Plots updated
2026-04-27 18:40:39,226 - INFO - Processing 1 rows
2026-04-27 18:40:39,239 - INFO - Assigned label: Better Air
2026-04-27 18:40:39,244 - INFO - Inserted 1 rows
2026-04-27 18:40:39,488 - INFO - Plots updated
2026-04-27 18:41:39,494 - INFO - Processing 1 rows
2026-04-27 18:41:39,513 - INFO - Assigned label: Better Air
2026-04-27 18:41:39,517 - INFO - Inserted 1 rows
2026-04-27 18:41:40,018 - INFO - Plots updated
2026-04-27 18:42:40,022 - INFO - Processing 1 rows
2026-04-27 18:42:40,037 - INFO - Assigned label: Better Air
2026-04-27 18:42:40,042 - INFO - Inserted 1 rows
2026-04-27 18:42:40,290 - INFO - Plots updated
2026-04-27 18:43:40,299 - INFO - Processing 1 rows
2026-04-27 18:43:40,313 - INFO - Assigned label: Better Air
2026-04-27 18:43:40,317 - INFO - Inserted 1 rows
2026-04-27 18:43:40,590 - INFO - Plots updated
2026-04-27 18:44:40,597 - INFO - Processing 1 rows
2026-04-27 18:44:40,612 - INFO - Assigned label: Better Air
2026-04-27 18:44:40,618 - INFO - Inserted 1 rows
2026-04-27 18:44:40,903 - INFO - Plots updated
2026-04-27 18:45:40,914 - INFO - Processing 1 rows
2026-04-27 18:45:40,942 - INFO - Assigned label: Better Air
2026-04-27 18:45:40,951 - INFO - Inserted 1 rows
2026-04-27 18:45:41,554 - INFO - Plots updated
2026-04-27 18:46:41,562 - INFO - Processing 1 rows
2026-04-27 18:46:41,593 - INFO - Assigned label: Better Air
2026-04-27 18:46:41,603 - INFO - Inserted 1 rows
2026-04-27 18:46:42,382 - INFO - Plots updated
2026-04-27 18:47:42,391 - INFO - Processing 1 rows
2026-04-27 18:47:42,422 - INFO - Assigned label: Better Air
2026-04-27 18:47:42,432 - INFO - Inserted 1 rows
2026-04-27 18:47:43,075 - INFO - Plots updated
2026-04-27 18:48:43,086 - INFO - Processing 1 rows
2026-04-27 18:48:43,110 - INFO - Assigned label: Better Air
2026-04-27 18:48:43,117 - INFO - Inserted 1 rows
2026-04-27 18:48:43,566 - INFO - Plots updated
2026-04-27 18:49:43,571 - INFO - Processing 1 rows
2026-04-27 18:49:43,602 - INFO - Assigned label: Better Air
2026-04-27 18:49:43,611 - INFO - Inserted 1 rows
2026-04-27 18:49:43,897 - INFO - Plots updated
2026-04-27 18:50:43,902 - INFO - Processing 1 rows
2026-04-27 18:50:43,915 - INFO - Assigned label: Better Air
2026-04-27 18:50:43,919 - INFO - Inserted 1 rows
2026-04-27 18:50:44,212 - INFO - Plots updated
2026-04-27 18:51:44,217 - INFO - Processing 1 rows
2026-04-27 18:51:44,233 - INFO - Assigned label: Better Air
2026-04-27 18:51:44,238 - INFO - Inserted 1 rows
2026-04-27 18:51:44,499 - INFO - Plots updated
2026-04-27 18:52:44,504 - INFO - Processing 1 rows
2026-04-27 18:52:44,517 - INFO - Assigned label: Better Air
2026-04-27 18:52:44,522 - INFO - Inserted 1 rows
2026-04-27 18:52:44,773 - INFO - Plots updated
2026-04-27 18:53:44,777 - INFO - Processing 1 rows
2026-04-27 18:53:44,790 - INFO - Assigned label: Better Air
2026-04-27 18:53:44,794 - INFO - Inserted 1 rows
2026-04-27 18:53:45,041 - INFO - Plots updated
2026-04-27 18:54:45,047 - INFO - Processing 1 rows
2026-04-27 18:54:45,062 - INFO - Assigned label: Better Air
2026-04-27 18:54:45,068 - INFO - Inserted 1 rows
2026-04-27 18:54:45,347 - INFO - Plots updated
2026-04-27 18:55:45,352 - INFO - Processing 1 rows
2026-04-27 18:55:45,368 - INFO - Assigned label: Better Air
2026-04-27 18:55:45,373 - INFO - Inserted 1 rows
2026-04-27 18:55:45,811 - INFO - Plots updated
2026-04-27 18:56:45,824 - INFO - Processing 1 rows
2026-04-27 18:56:45,874 - INFO - Assigned label: Better Air
2026-04-27 18:56:45,891 - INFO - Inserted 1 rows
2026-04-27 18:56:46,889 - INFO - Plots updated
2026-04-27 18:57:46,896 - INFO - Processing 1 rows
2026-04-27 18:57:46,913 - INFO - Assigned label: Better Air
2026-04-27 18:57:46,920 - INFO - Inserted 1 rows
2026-04-27 18:57:47,192 - INFO - Plots updated
2026-04-27 18:58:47,197 - INFO - Processing 1 rows
2026-04-27 18:58:47,210 - INFO - Assigned label: Better Air
2026-04-27 18:58:47,214 - INFO - Inserted 1 rows
2026-04-27 18:58:47,455 - INFO - Plots updated
2026-04-27 18:59:47,460 - INFO - Processing 1 rows
2026-04-27 18:59:47,475 - INFO - Assigned label: Better Air
2026-04-27 18:59:47,480 - INFO - Inserted 1 rows
2026-04-27 18:59:47,753 - INFO - Plots updated
2026-04-27 19:00:47,760 - INFO - Processing 1 rows
2026-04-27 19:00:47,780 - INFO - Assigned label: Better Air
2026-04-27 19:00:47,785 - INFO - Inserted 1 rows
2026-04-27 19:00:48,092 - INFO - Plots updated
2026-04-27 19:01:48,098 - INFO - Processing 1 rows
2026-04-27 19:01:48,116 - INFO - Assigned label: Better Air
2026-04-27 19:01:48,124 - INFO - Inserted 1 rows
2026-04-27 19:01:48,440 - INFO - Plots updated
2026-04-27 19:02:48,447 - INFO - Processing 1 rows
2026-04-27 19:02:48,462 - INFO - Assigned label: Better Air
2026-04-27 19:02:48,468 - INFO - Inserted 1 rows
2026-04-27 19:02:48,930 - INFO - Plots updated
2026-04-27 19:03:48,938 - INFO - Processing 1 rows
2026-04-27 19:03:48,966 - INFO - Assigned label: Better Air
2026-04-27 19:03:48,973 - INFO - Inserted 1 rows
2026-04-27 19:03:49,288 - INFO - Plots updated
2026-04-27 19:04:49,293 - INFO - Processing 1 rows
2026-04-27 19:04:49,310 - INFO - Assigned label: Better Air
2026-04-27 19:04:49,320 - INFO - Inserted 1 rows
2026-04-27 19:04:49,566 - INFO - Plots updated
2026-04-27 19:05:49,575 - INFO - Processing 1 rows
2026-04-27 19:05:49,604 - INFO - Assigned label: Better Air
2026-04-27 19:05:49,615 - INFO - Inserted 1 rows
2026-04-27 19:05:50,190 - INFO - Plots updated
2026-04-27 19:06:50,196 - INFO - Processing 1 rows
2026-04-27 19:06:50,209 - INFO - Assigned label: Better Air
2026-04-27 19:06:50,214 - INFO - Inserted 1 rows
2026-04-27 19:06:50,448 - INFO - Plots updated
2026-04-27 19:07:50,464 - INFO - Processing 1 rows
2026-04-27 19:07:50,520 - INFO - Assigned label: Better Air
2026-04-27 19:07:50,536 - INFO - Inserted 1 rows
2026-04-27 19:07:51,479 - INFO - Plots updated
2026-04-27 19:08:51,490 - INFO - Processing 1 rows
2026-04-27 19:08:51,522 - INFO - Assigned label: Better Air
2026-04-27 19:08:51,535 - INFO - Inserted 1 rows
2026-04-27 19:08:52,582 - INFO - Plots updated
2026-04-27 19:09:52,587 - INFO - Processing 1 rows
2026-04-27 19:09:52,601 - INFO - Assigned label: Better Air
2026-04-27 19:09:52,606 - INFO - Inserted 1 rows
2026-04-27 19:09:52,870 - INFO - Plots updated
2026-04-27 19:10:52,875 - INFO - Processing 1 rows
2026-04-27 19:10:52,891 - INFO - Assigned label: Better Air
2026-04-27 19:10:52,897 - INFO - Inserted 1 rows
2026-04-27 19:10:53,494 - INFO - Plots updated
2026-04-27 19:11:53,500 - INFO - Processing 1 rows
2026-04-27 19:11:53,512 - INFO - Assigned label: Better Air
2026-04-27 19:11:53,516 - INFO - Inserted 1 rows
2026-04-27 19:11:53,760 - INFO - Plots updated
2026-04-27 19:12:53,765 - INFO - Processing 1 rows
2026-04-27 19:12:53,778 - INFO - Assigned label: Better Air
2026-04-27 19:12:53,783 - INFO - Inserted 1 rows
2026-04-27 19:12:54,031 - INFO - Plots updated
2026-04-27 19:13:54,035 - INFO - Processing 1 rows
2026-04-27 19:13:54,047 - INFO - Assigned label: Better Air
2026-04-27 19:13:54,051 - INFO - Inserted 1 rows
2026-04-27 19:13:54,279 - INFO - Plots updated
2026-04-27 19:14:54,287 - INFO - Processing 1 rows
2026-04-27 19:14:54,312 - INFO - Assigned label: Better Air
2026-04-27 19:14:54,322 - INFO - Inserted 1 rows
2026-04-27 19:14:54,903 - INFO - Plots updated
2026-04-27 19:15:54,913 - INFO - Processing 1 rows
2026-04-27 19:15:54,945 - INFO - Assigned label: Better Air
2026-04-27 19:15:54,954 - INFO - Inserted 1 rows
2026-04-27 19:15:55,537 - INFO - Plots updated
2026-04-27 19:16:55,549 - INFO - Processing 1 rows
2026-04-27 19:16:55,855 - INFO - Assigned label: Better Air
2026-04-27 19:16:55,859 - INFO - Inserted 1 rows
2026-04-27 19:16:56,124 - INFO - Plots updated
2026-04-27 19:17:56,137 - INFO - Processing 1 rows
2026-04-27 19:17:56,164 - INFO - Assigned label: Better Air
2026-04-27 19:17:56,172 - INFO - Inserted 1 rows
2026-04-27 19:17:56,580 - INFO - Plots updated
2026-04-27 19:18:56,585 - INFO - Processing 1 rows
2026-04-27 19:18:56,601 - INFO - Assigned label: Better Air
2026-04-27 19:18:56,607 - INFO - Inserted 1 rows
2026-04-27 19:18:56,860 - INFO - Plots updated
2026-04-27 19:19:56,870 - INFO - Processing 1 rows
2026-04-27 19:19:56,895 - INFO - Assigned label: Better Air
2026-04-27 19:19:56,905 - INFO - Inserted 1 rows
2026-04-27 19:19:57,486 - INFO - Plots updated
2026-04-27 19:20:57,494 - INFO - Processing 1 rows
2026-04-27 19:20:57,523 - INFO - Assigned label: Better Air
2026-04-27 19:20:57,533 - INFO - Inserted 1 rows
2026-04-27 19:20:58,153 - INFO - Plots updated
2026-04-27 19:21:58,165 - INFO - Processing 1 rows
2026-04-27 19:21:58,192 - INFO - Assigned label: Better Air
2026-04-27 19:21:58,203 - INFO - Inserted 1 rows
2026-04-27 19:21:58,871 - INFO - Plots updated
2026-04-27 19:22:58,882 - INFO - Processing 1 rows
2026-04-27 19:22:58,911 - INFO - Assigned label: Better Air
2026-04-27 19:22:58,921 - INFO - Inserted 1 rows
2026-04-27 19:22:59,542 - INFO - Plots updated
2026-04-27 19:23:59,551 - INFO - Processing 1 rows
2026-04-27 19:23:59,586 - INFO - Assigned label: Better Air
2026-04-27 19:23:59,598 - INFO - Inserted 1 rows
2026-04-27 19:24:00,627 - INFO - Plots updated
2026-04-27 19:25:00,641 - INFO - Processing 1 rows
2026-04-27 19:25:00,680 - INFO - Assigned label: Better Air
2026-04-27 19:25:00,693 - INFO - Inserted 1 rows
2026-04-27 19:25:01,329 - INFO - Plots updated
2026-04-27 19:26:01,341 - INFO - Processing 1 rows
2026-04-27 19:26:01,373 - INFO - Assigned label: Better Air
2026-04-27 19:26:01,388 - INFO - Inserted 1 rows
2026-04-27 19:26:01,882 - INFO - Plots updated
2026-04-27 19:27:01,893 - INFO - Processing 1 rows
2026-04-27 19:27:01,923 - INFO - Assigned label: Better Air
2026-04-27 19:27:01,934 - INFO - Inserted 1 rows
2026-04-27 19:27:02,319 - INFO - Plots updated
2026-04-27 19:28:02,329 - INFO - Processing 1 rows
2026-04-27 19:28:02,355 - INFO - Assigned label: Better Air
2026-04-27 19:28:02,370 - INFO - Inserted 1 rows
2026-04-27 19:28:03,012 - INFO - Plots updated
2026-04-27 19:29:03,016 - INFO - Processing 1 rows
2026-04-27 19:29:03,034 - INFO - Assigned label: Better Air
2026-04-27 19:29:03,038 - INFO - Inserted 1 rows
2026-04-27 19:29:03,290 - INFO - Plots updated
2026-04-27 19:30:03,354 - INFO - Processing 1 rows
2026-04-27 19:30:03,522 - INFO - Assigned label: Better Air
2026-04-27 19:30:03,613 - INFO - Inserted 1 rows
2026-04-27 19:30:05,376 - INFO - Plots updated
2026-04-27 19:31:05,389 - INFO - Processing 1 rows
2026-04-27 19:31:05,414 - INFO - Assigned label: Better Air
2026-04-27 19:31:05,423 - INFO - Inserted 1 rows
2026-04-27 19:31:06,009 - INFO - Plots updated
2026-04-27 19:32:06,019 - INFO - Processing 1 rows
2026-04-27 19:32:06,049 - INFO - Assigned label: Better Air
2026-04-27 19:32:06,059 - INFO - Inserted 1 rows
2026-04-27 19:32:07,040 - INFO - Plots updated
2026-04-27 19:33:07,045 - INFO - Processing 1 rows
2026-04-27 19:33:07,056 - INFO - Assigned label: Better Air
2026-04-27 19:33:07,061 - INFO - Inserted 1 rows
2026-04-27 19:33:07,312 - INFO - Plots updated
2026-04-27 19:34:07,317 - INFO - Processing 1 rows
2026-04-27 19:34:07,331 - INFO - Assigned label: Better Air
2026-04-27 19:34:07,335 - INFO - Inserted 1 rows
2026-04-27 19:34:07,607 - INFO - Plots updated
2026-04-27 19:35:07,611 - INFO - Processing 1 rows
2026-04-27 19:35:07,625 - INFO - Assigned label: Better Air
2026-04-27 19:35:07,630 - INFO - Inserted 1 rows
2026-04-27 19:35:07,921 - INFO - Plots updated
2026-04-27 19:36:07,931 - INFO - Processing 1 rows
2026-04-27 19:36:07,957 - INFO - Assigned label: Better Air
2026-04-27 19:36:07,967 - INFO - Inserted 1 rows
2026-04-27 19:36:08,358 - INFO - Plots updated
2026-04-27 19:37:08,363 - INFO - Processing 1 rows
2026-04-27 19:37:08,377 - INFO - Assigned label: Better Air
2026-04-27 19:37:08,382 - INFO - Inserted 1 rows
2026-04-27 19:37:08,633 - INFO - Plots updated
2026-04-27 19:38:08,638 - INFO - Processing 1 rows
2026-04-27 19:38:08,652 - INFO - Assigned label: Better Air
2026-04-27 19:38:08,656 - INFO - Inserted 1 rows
2026-04-27 19:38:08,886 - INFO - Plots updated
2026-04-27 19:39:08,891 - INFO - Processing 1 rows
2026-04-27 19:39:08,904 - INFO - Assigned label: Better Air
2026-04-27 19:39:08,909 - INFO - Inserted 1 rows
2026-04-27 19:39:09,332 - INFO - Plots updated
2026-04-27 19:40:09,341 - INFO - Processing 1 rows
2026-04-27 19:40:09,379 - INFO - Assigned label: Better Air
2026-04-27 19:40:09,388 - INFO - Inserted 1 rows
2026-04-27 19:40:09,979 - INFO - Plots updated
2026-04-27 19:41:09,988 - INFO - Processing 2 rows
2026-04-27 19:41:10,013 - INFO - Assigned label: Better Air
2026-04-27 19:41:10,019 - INFO - Inserted 2 rows
2026-04-27 19:41:10,277 - INFO - Plots updated
2026-04-27 19:42:10,290 - INFO - Processing 1 rows
2026-04-27 19:42:10,363 - INFO - Assigned label: Better Air
2026-04-27 19:42:10,389 - INFO - Inserted 1 rows
2026-04-27 19:42:11,219 - INFO - Plots updated
2026-04-27 19:43:11,233 - INFO - Processing 1 rows
2026-04-27 19:43:11,261 - INFO - Assigned label: Better Air
2026-04-27 19:43:11,270 - INFO - Inserted 1 rows
2026-04-27 19:43:11,806 - INFO - Plots updated
2026-04-27 19:44:11,811 - INFO - Processing 1 rows
2026-04-27 19:44:11,823 - INFO - Assigned label: Better Air
2026-04-27 19:44:11,828 - INFO - Inserted 1 rows
2026-04-27 19:44:12,053 - INFO - Plots updated
2026-04-27 19:45:12,057 - INFO - Processing 1 rows
2026-04-27 19:45:12,071 - INFO - Assigned label: Better Air
2026-04-27 19:45:12,077 - INFO - Inserted 1 rows
2026-04-27 19:45:12,301 - INFO - Plots updated
2026-04-27 19:46:12,306 - INFO - Processing 1 rows
2026-04-27 19:46:12,316 - INFO - Assigned label: Better Air
2026-04-27 19:46:12,321 - INFO - Inserted 1 rows
2026-04-27 19:46:12,534 - INFO - Plots updated
2026-04-27 19:47:12,539 - INFO - Processing 1 rows
2026-04-27 19:47:12,555 - INFO - Assigned label: Better Air
2026-04-27 19:47:12,560 - INFO - Inserted 1 rows
2026-04-27 19:47:12,785 - INFO - Plots updated
2026-04-27 19:48:12,790 - INFO - Processing 1 rows
2026-04-27 19:48:12,801 - INFO - Assigned label: Better Air
2026-04-27 19:48:12,806 - INFO - Inserted 1 rows
2026-04-27 19:48:13,628 - INFO - Plots updated
2026-04-27 19:49:13,636 - INFO - Processing 1 rows
2026-04-27 19:49:13,662 - INFO - Assigned label: Better Air
2026-04-27 19:49:13,671 - INFO - Inserted 1 rows
2026-04-27 19:49:14,209 - INFO - Plots updated
2026-04-27 19:50:14,217 - INFO - Processing 1 rows
2026-04-27 19:50:14,250 - INFO - Assigned label: Better Air
2026-04-27 19:50:14,258 - INFO - Inserted 1 rows
2026-04-27 19:50:14,820 - INFO - Plots updated
2026-04-27 19:51:14,829 - INFO - Processing 1 rows
2026-04-27 19:51:14,858 - INFO - Assigned label: Better Air
2026-04-27 19:51:14,867 - INFO - Inserted 1 rows
2026-04-27 19:51:15,388 - INFO - Plots updated
2026-04-27 19:52:15,398 - INFO - Processing 1 rows
2026-04-27 19:52:15,429 - INFO - Assigned label: Better Air
2026-04-27 19:52:15,437 - INFO - Inserted 1 rows
2026-04-27 19:52:16,040 - INFO - Plots updated
2026-04-27 19:53:16,050 - INFO - Processing 1 rows
2026-04-27 19:53:16,093 - INFO - Assigned label: Better Air
2026-04-27 19:53:16,102 - INFO - Inserted 1 rows
2026-04-27 19:53:16,725 - INFO - Plots updated
2026-04-27 19:54:16,737 - INFO - Processing 1 rows
2026-04-27 19:54:16,764 - INFO - Assigned label: Better Air
2026-04-27 19:54:16,776 - INFO - Inserted 1 rows
2026-04-27 19:54:17,353 - INFO - Plots updated
2026-04-27 19:55:17,359 - INFO - Processing 1 rows
2026-04-27 19:55:17,373 - INFO - Assigned label: Better Air
2026-04-27 19:55:17,378 - INFO - Inserted 1 rows
2026-04-27 19:55:17,609 - INFO - Plots updated
2026-04-27 19:56:17,615 - INFO - Processing 1 rows
2026-04-27 19:56:17,629 - INFO - Assigned label: Better Air
2026-04-27 19:56:17,634 - INFO - Inserted 1 rows
2026-04-27 19:56:17,878 - INFO - Plots updated
2026-04-27 19:57:17,884 - INFO - Processing 1 rows
2026-04-27 19:57:17,897 - INFO - Assigned label: Better Air
2026-04-27 19:57:17,903 - INFO - Inserted 1 rows
2026-04-27 19:57:18,347 - INFO - Plots updated
2026-04-27 19:58:18,352 - INFO - Processing 1 rows
2026-04-27 19:58:18,369 - INFO - Assigned label: Better Air
2026-04-27 19:58:18,374 - INFO - Inserted 1 rows
2026-04-27 19:58:18,604 - INFO - Plots updated
2026-04-27 19:59:18,609 - INFO - Processing 1 rows
2026-04-27 19:59:18,627 - INFO - Assigned label: Better Air
2026-04-27 19:59:18,634 - INFO - Inserted 1 rows
2026-04-27 19:59:18,908 - INFO - Plots updated
2026-04-27 20:00:18,914 - INFO - Processing 1 rows
2026-04-27 20:00:18,930 - INFO - Assigned label: Better Air
2026-04-27 20:00:18,936 - INFO - Inserted 1 rows
2026-04-27 20:00:19,201 - INFO - Plots updated
2026-04-27 20:01:19,206 - INFO - Processing 1 rows
2026-04-27 20:01:19,220 - INFO - Assigned label: Better Air
2026-04-27 20:01:19,225 - INFO - Inserted 1 rows
2026-04-27 20:01:19,463 - INFO - Plots updated
2026-04-27 20:02:19,469 - INFO - Processing 1 rows
2026-04-27 20:02:19,482 - INFO - Assigned label: Better Air
2026-04-27 20:02:19,487 - INFO - Inserted 1 rows
2026-04-27 20:02:19,721 - INFO - Plots updated
2026-04-27 20:03:19,726 - INFO - Processing 1 rows
2026-04-27 20:03:19,741 - INFO - Assigned label: Better Air
2026-04-27 20:03:19,747 - INFO - Inserted 1 rows
2026-04-27 20:03:19,988 - INFO - Plots updated
2026-04-27 20:04:19,994 - INFO - Processing 1 rows
2026-04-27 20:04:20,020 - INFO - Assigned label: Better Air
2026-04-27 20:04:20,026 - INFO - Inserted 1 rows
2026-04-27 20:04:20,268 - INFO - Plots updated
2026-04-27 20:05:20,274 - INFO - Processing 1 rows
2026-04-27 20:05:20,294 - INFO - Assigned label: Better Air
2026-04-27 20:05:20,342 - INFO - Inserted 1 rows
2026-04-27 20:05:20,589 - INFO - Plots updated
2026-04-27 20:06:20,594 - INFO - Processing 1 rows
2026-04-27 20:06:20,608 - INFO - Assigned label: Better Air
2026-04-27 20:06:20,615 - INFO - Inserted 1 rows
2026-04-27 20:06:21,035 - INFO - Plots updated
2026-04-27 20:07:21,040 - INFO - Processing 1 rows
2026-04-27 20:07:21,054 - INFO - Assigned label: Better Air
2026-04-27 20:07:21,060 - INFO - Inserted 1 rows
2026-04-27 20:07:21,329 - INFO - Plots updated
2026-04-27 20:08:21,333 - INFO - Processing 1 rows
2026-04-27 20:08:21,346 - INFO - Assigned label: Better Air
2026-04-27 20:08:21,351 - INFO - Inserted 1 rows
2026-04-27 20:08:21,579 - INFO - Plots updated
2026-04-27 20:09:21,583 - INFO - Processing 1 rows
2026-04-27 20:09:21,597 - INFO - Assigned label: Better Air
2026-04-27 20:09:21,603 - INFO - Inserted 1 rows
2026-04-27 20:09:21,828 - INFO - Plots updated
2026-04-27 20:10:21,832 - INFO - Processing 1 rows
2026-04-27 20:10:21,852 - INFO - Assigned label: Better Air
2026-04-27 20:10:21,859 - INFO - Inserted 1 rows
2026-04-27 20:10:22,141 - INFO - Plots updated
2026-04-27 20:11:22,146 - INFO - Processing 1 rows
2026-04-27 20:11:22,158 - INFO - Assigned label: Better Air
2026-04-27 20:11:22,163 - INFO - Inserted 1 rows
2026-04-27 20:11:22,393 - INFO - Plots updated
2026-04-27 20:12:22,397 - INFO - Processing 1 rows
2026-04-27 20:12:22,411 - INFO - Assigned label: Better Air
2026-04-27 20:12:22,416 - INFO - Inserted 1 rows
2026-04-27 20:12:22,689 - INFO - Plots updated
2026-04-27 20:13:22,694 - INFO - Processing 1 rows
2026-04-27 20:13:22,706 - INFO - Assigned label: Better Air
2026-04-27 20:13:22,711 - INFO - Inserted 1 rows
2026-04-27 20:13:22,938 - INFO - Plots updated
2026-04-27 20:14:22,943 - INFO - Processing 1 rows
2026-04-27 20:14:22,955 - INFO - Assigned label: Better Air
2026-04-27 20:14:22,960 - INFO - Inserted 1 rows
2026-04-27 20:14:23,358 - INFO - Plots updated
2026-04-27 20:15:23,363 - INFO - Processing 1 rows
2026-04-27 20:15:23,377 - INFO - Assigned label: Better Air
2026-04-27 20:15:23,382 - INFO - Inserted 1 rows
2026-04-27 20:15:23,647 - INFO - Plots updated
2026-04-27 20:16:23,652 - INFO - Processing 1 rows
2026-04-27 20:16:23,671 - INFO - Assigned label: Better Air
2026-04-27 20:16:23,676 - INFO - Inserted 1 rows
2026-04-27 20:16:23,933 - INFO - Plots updated
2026-04-27 20:17:23,937 - INFO - Processing 1 rows
2026-04-27 20:17:23,953 - INFO - Assigned label: Better Air
2026-04-27 20:17:23,957 - INFO - Inserted 1 rows
2026-04-27 20:17:24,201 - INFO - Plots updated
2026-04-27 20:18:24,206 - INFO - Processing 1 rows
2026-04-27 20:18:24,220 - INFO - Assigned label: Better Air
2026-04-27 20:18:24,225 - INFO - Inserted 1 rows
2026-04-27 20:18:24,453 - INFO - Plots updated
2026-04-27 20:19:24,458 - INFO - Processing 1 rows
2026-04-27 20:19:24,471 - INFO - Assigned label: Better Air
2026-04-27 20:19:24,475 - INFO - Inserted 1 rows
2026-04-27 20:19:24,710 - INFO - Plots updated
2026-04-27 20:20:24,715 - INFO - Processing 1 rows
2026-04-27 20:20:24,729 - INFO - Assigned label: Better Air
2026-04-27 20:20:24,734 - INFO - Inserted 1 rows
2026-04-27 20:20:24,966 - INFO - Plots updated
2026-04-27 20:21:24,971 - INFO - Processing 1 rows
2026-04-27 20:21:24,982 - INFO - Assigned label: Better Air
2026-04-27 20:21:24,988 - INFO - Inserted 1 rows
2026-04-27 20:21:25,264 - INFO - Plots updated
2026-04-27 20:22:25,268 - INFO - Processing 1 rows
2026-04-27 20:22:25,281 - INFO - Assigned label: Better Air
2026-04-27 20:22:25,285 - INFO - Inserted 1 rows
2026-04-27 20:22:25,680 - INFO - Plots updated
2026-04-27 20:23:25,684 - INFO - Processing 1 rows
2026-04-27 20:23:25,697 - INFO - Assigned label: Better Air
2026-04-27 20:23:25,702 - INFO - Inserted 1 rows
2026-04-27 20:23:25,950 - INFO - Plots updated
2026-04-27 20:24:25,958 - INFO - Processing 1 rows
2026-04-27 20:24:25,971 - INFO - Assigned label: Moderate Pollution
2026-04-27 20:24:25,975 - INFO - Inserted 1 rows
2026-04-27 20:24:26,201 - INFO - Plots updated
2026-04-27 20:25:26,206 - INFO - Processing 1 rows
2026-04-27 20:25:26,222 - INFO - Assigned label: Better Air
2026-04-27 20:25:26,227 - INFO - Inserted 1 rows
2026-04-27 20:25:26,443 - INFO - Plots updated
2026-04-27 20:26:26,448 - INFO - Processing 1 rows
2026-04-27 20:26:26,462 - INFO - Assigned label: Better Air
2026-04-27 20:26:26,467 - INFO - Inserted 1 rows
2026-04-27 20:26:26,722 - INFO - Plots updated
2026-04-27 20:27:26,727 - INFO - Processing 1 rows
2026-04-27 20:27:26,741 - INFO - Assigned label: Moderate Pollution
2026-04-27 20:27:26,748 - INFO - Inserted 1 rows
2026-04-27 20:27:26,977 - INFO - Plots updated
2026-04-27 20:28:26,982 - INFO - Processing 1 rows
2026-04-27 20:28:26,996 - INFO - Assigned label: Moderate Pollution
2026-04-27 20:28:27,003 - INFO - Inserted 1 rows
2026-04-27 20:28:27,238 - INFO - Plots updated
2026-04-27 20:29:27,243 - INFO - Processing 1 rows
2026-04-27 20:29:27,260 - INFO - Assigned label: Moderate Pollution
2026-04-27 20:29:27,265 - INFO - Inserted 1 rows
2026-04-27 20:29:27,512 - INFO - Plots updated
2026-04-27 20:30:27,520 - INFO - Processing 1 rows
2026-04-27 20:30:27,535 - INFO - Assigned label: Moderate Pollution
2026-04-27 20:30:27,541 - INFO - Inserted 1 rows
2026-04-27 20:30:27,850 - INFO - Plots updated
2026-04-27 20:31:27,855 - INFO - Processing 1 rows
2026-04-27 20:31:27,868 - INFO - Assigned label: Moderate Pollution
2026-04-27 20:31:27,873 - INFO - Inserted 1 rows
2026-04-27 20:31:28,304 - INFO - Plots updated
2026-04-27 20:32:28,309 - INFO - Processing 1 rows
2026-04-27 20:32:28,323 - INFO - Assigned label: Moderate Pollution
2026-04-27 20:32:28,329 - INFO - Inserted 1 rows
2026-04-27 20:32:28,572 - INFO - Plots updated
2026-04-27 20:33:28,581 - INFO - Processing 1 rows
2026-04-27 20:33:28,610 - INFO - Assigned label: Moderate Pollution
2026-04-27 20:33:28,619 - INFO - Inserted 1 rows
2026-04-27 20:33:29,175 - INFO - Plots updated
2026-04-27 20:34:29,180 - INFO - Processing 1 rows
2026-04-27 20:34:29,193 - INFO - Assigned label: Moderate Pollution
2026-04-27 20:34:29,198 - INFO - Inserted 1 rows
2026-04-27 20:34:29,444 - INFO - Plots updated
2026-04-27 20:35:29,449 - INFO - Processing 1 rows
2026-04-27 20:35:29,461 - INFO - Assigned label: Moderate Pollution
2026-04-27 20:35:29,465 - INFO - Inserted 1 rows
2026-04-27 20:35:29,707 - INFO - Plots updated
2026-04-27 20:36:29,716 - INFO - Processing 1 rows
2026-04-27 20:36:29,746 - INFO - Assigned label: Moderate Pollution
2026-04-27 20:36:29,756 - INFO - Inserted 1 rows
2026-04-27 20:36:30,115 - INFO - Plots updated
2026-04-27 20:37:30,125 - INFO - Processing 1 rows
2026-04-27 20:37:30,138 - INFO - Assigned label: Moderate Pollution
2026-04-27 20:37:30,143 - INFO - Inserted 1 rows
2026-04-27 20:37:30,372 - INFO - Plots updated
2026-04-27 20:38:30,381 - INFO - Processing 1 rows
2026-04-27 20:38:30,411 - INFO - Assigned label: Moderate Pollution
2026-04-27 20:38:30,420 - INFO - Inserted 1 rows
2026-04-27 20:38:30,975 - INFO - Plots updated
2026-04-27 20:39:30,986 - INFO - Processing 1 rows
2026-04-27 20:39:31,017 - INFO - Assigned label: Moderate Pollution
2026-04-27 20:39:31,025 - INFO - Inserted 1 rows
2026-04-27 20:39:31,442 - INFO - Plots updated
2026-04-27 20:40:31,451 - INFO - Processing 1 rows
2026-04-27 20:40:31,477 - INFO - Assigned label: Moderate Pollution
2026-04-27 20:40:31,487 - INFO - Inserted 1 rows
2026-04-27 20:40:32,013 - INFO - Plots updated
2026-04-27 20:41:32,019 - INFO - Processing 1 rows
2026-04-27 20:41:32,032 - INFO - Assigned label: Moderate Pollution
2026-04-27 20:41:32,037 - INFO - Inserted 1 rows
2026-04-27 20:41:32,277 - INFO - Plots updated
2026-04-27 20:42:32,286 - INFO - Processing 1 rows
2026-04-27 20:42:32,315 - INFO - Assigned label: Moderate Pollution
2026-04-27 20:42:32,325 - INFO - Inserted 1 rows
2026-04-27 20:42:32,692 - INFO - Plots updated
2026-04-27 20:43:32,696 - INFO - Processing 1 rows
2026-04-27 20:43:32,708 - INFO - Assigned label: Moderate Pollution
2026-04-27 20:43:32,712 - INFO - Inserted 1 rows
2026-04-27 20:43:32,933 - INFO - Plots updated
2026-04-27 20:44:32,942 - INFO - Processing 1 rows
2026-04-27 20:44:32,968 - INFO - Assigned label: Moderate Pollution
2026-04-27 20:44:32,977 - INFO - Inserted 1 rows
2026-04-27 20:44:33,528 - INFO - Plots updated
2026-04-27 20:45:33,538 - INFO - Processing 1 rows
2026-04-27 20:45:33,571 - INFO - Assigned label: Moderate Pollution
2026-04-27 20:45:33,580 - INFO - Inserted 1 rows
2026-04-27 20:45:34,112 - INFO - Plots updated
2026-04-27 20:46:34,120 - INFO - Processing 1 rows
2026-04-27 20:46:34,150 - INFO - Assigned label: Moderate Pollution
2026-04-27 20:46:34,161 - INFO - Inserted 1 rows
2026-04-27 20:46:34,735 - INFO - Plots updated
2026-04-27 20:47:34,744 - INFO - Processing 1 rows
2026-04-27 20:47:34,769 - INFO - Assigned label: Moderate Pollution
2026-04-27 20:47:34,778 - INFO - Inserted 1 rows
2026-04-27 20:47:35,790 - INFO - Plots updated
2026-04-27 20:48:35,799 - INFO - Processing 1 rows
2026-04-27 20:48:35,833 - INFO - Assigned label: Moderate Pollution
2026-04-27 20:48:35,845 - INFO - Inserted 1 rows
2026-04-27 20:48:36,408 - INFO - Plots updated
2026-04-27 20:49:36,414 - INFO - Processing 1 rows
2026-04-27 20:49:36,428 - INFO - Assigned label: Moderate Pollution
2026-04-27 20:49:36,432 - INFO - Inserted 1 rows
2026-04-27 20:49:36,680 - INFO - Plots updated
2026-04-27 20:50:36,689 - INFO - Processing 1 rows
2026-04-27 20:50:36,713 - INFO - Assigned label: Moderate Pollution
2026-04-27 20:50:36,722 - INFO - Inserted 1 rows
2026-04-27 20:50:37,281 - INFO - Plots updated
2026-04-27 20:51:37,289 - INFO - Processing 1 rows
2026-04-27 20:51:37,318 - INFO - Assigned label: Moderate Pollution
2026-04-27 20:51:37,327 - INFO - Inserted 1 rows
2026-04-27 20:51:37,921 - INFO - Plots updated
2026-04-27 20:52:37,932 - INFO - Processing 1 rows
2026-04-27 20:52:37,962 - INFO - Assigned label: Moderate Pollution
2026-04-27 20:52:37,970 - INFO - Inserted 1 rows
2026-04-27 20:52:38,567 - INFO - Plots updated
2026-04-27 20:53:38,577 - INFO - Processing 1 rows
2026-04-27 20:53:38,609 - INFO - Assigned label: Moderate Pollution
2026-04-27 20:53:38,618 - INFO - Inserted 1 rows
2026-04-27 20:53:39,121 - INFO - Plots updated
2026-04-27 20:54:39,132 - INFO - Processing 1 rows
2026-04-27 20:54:39,167 - INFO - Assigned label: Moderate Pollution
2026-04-27 20:54:39,177 - INFO - Inserted 1 rows
2026-04-27 20:54:39,821 - INFO - Plots updated
2026-04-27 20:55:39,831 - INFO - Processing 1 rows
2026-04-27 20:55:39,861 - INFO - Assigned label: Moderate Pollution
2026-04-27 20:55:39,872 - INFO - Inserted 1 rows
2026-04-27 20:55:40,923 - INFO - Plots updated
2026-04-27 20:56:40,929 - INFO - Processing 1 rows
2026-04-27 20:56:40,941 - INFO - Assigned label: Moderate Pollution
2026-04-27 20:56:40,946 - INFO - Inserted 1 rows
2026-04-27 20:56:41,195 - INFO - Plots updated
2026-04-27 20:57:41,200 - INFO - Processing 1 rows
2026-04-27 20:57:41,212 - INFO - Assigned label: Moderate Pollution
2026-04-27 20:57:41,217 - INFO - Inserted 1 rows
2026-04-27 20:57:41,453 - INFO - Plots updated
2026-04-27 20:58:41,458 - INFO - Processing 1 rows
2026-04-27 20:58:41,471 - INFO - Assigned label: Moderate Pollution
2026-04-27 20:58:41,476 - INFO - Inserted 1 rows
2026-04-27 20:58:41,714 - INFO - Plots updated
2026-04-27 20:59:41,723 - INFO - Processing 1 rows
2026-04-27 20:59:41,755 - INFO - Assigned label: Moderate Pollution
2026-04-27 20:59:41,764 - INFO - Inserted 1 rows
2026-04-27 20:59:42,348 - INFO - Plots updated
2026-04-27 21:00:42,355 - INFO - Processing 1 rows
2026-04-27 21:00:42,375 - INFO - Assigned label: Moderate Pollution
2026-04-27 21:00:42,381 - INFO - Inserted 1 rows
2026-04-27 21:00:42,646 - INFO - Plots updated
2026-04-27 21:01:42,651 - INFO - Processing 1 rows
2026-04-27 21:01:42,664 - INFO - Assigned label: Moderate Pollution
2026-04-27 21:01:42,669 - INFO - Inserted 1 rows
2026-04-27 21:01:42,934 - INFO - Plots updated
2026-04-27 21:02:42,944 - INFO - Processing 1 rows
2026-04-27 21:02:42,984 - INFO - Assigned label: Moderate Pollution
2026-04-27 21:02:42,996 - INFO - Inserted 1 rows
2026-04-27 21:02:43,973 - INFO - Plots updated
2026-04-27 21:03:43,980 - INFO - Processing 1 rows
2026-04-27 21:03:43,997 - INFO - Assigned label: Moderate Pollution
2026-04-27 21:03:44,002 - INFO - Inserted 1 rows
2026-04-27 21:03:44,239 - INFO - Plots updated
2026-04-27 21:04:44,247 - INFO - Processing 1 rows
2026-04-27 21:04:44,275 - INFO - Assigned label: Moderate Pollution
2026-04-27 21:04:44,283 - INFO - Inserted 1 rows
2026-04-27 21:04:44,830 - INFO - Plots updated
2026-04-27 21:05:44,838 - INFO - Processing 1 rows
2026-04-27 21:05:44,867 - INFO - Assigned label: Unhealthy Air
2026-04-27 21:05:44,876 - INFO - Inserted 1 rows
2026-04-27 21:05:45,482 - INFO - Plots updated
2026-04-27 21:06:45,489 - INFO - Processing 1 rows
2026-04-27 21:06:45,504 - INFO - Assigned label: Unhealthy Air
2026-04-27 21:06:45,509 - INFO - Inserted 1 rows
2026-04-27 21:06:45,766 - INFO - Plots updated
2026-04-27 21:07:45,770 - INFO - Processing 1 rows
2026-04-27 21:07:45,782 - INFO - Assigned label: Unhealthy Air
2026-04-27 21:07:45,786 - INFO - Inserted 1 rows
2026-04-27 21:07:46,024 - INFO - Plots updated
2026-04-27 21:08:46,028 - INFO - Processing 1 rows
2026-04-27 21:08:46,042 - INFO - Assigned label: Unhealthy Air
2026-04-27 21:08:46,047 - INFO - Inserted 1 rows
2026-04-27 21:08:46,301 - INFO - Plots updated
2026-04-27 21:09:46,307 - INFO - Processing 1 rows
2026-04-27 21:09:46,320 - INFO - Assigned label: Unhealthy Air
2026-04-27 21:09:46,325 - INFO - Inserted 1 rows
2026-04-27 21:09:47,225 - INFO - Plots updated
2026-04-27 21:10:47,235 - INFO - Processing 1 rows
2026-04-27 21:10:47,260 - INFO - Assigned label: Unhealthy Air
2026-04-27 21:10:47,270 - INFO - Inserted 1 rows
2026-04-27 21:10:47,824 - INFO - Plots updated
2026-04-27 21:11:47,833 - INFO - Processing 1 rows
2026-04-27 21:11:47,860 - INFO - Assigned label: Unhealthy Air
2026-04-27 21:11:47,868 - INFO - Inserted 1 rows
2026-04-27 21:11:48,446 - INFO - Plots updated
2026-04-27 21:12:48,455 - INFO - Processing 1 rows
2026-04-27 21:12:48,482 - INFO - Assigned label: Moderate Pollution
2026-04-27 21:12:48,490 - INFO - Inserted 1 rows
2026-04-27 21:12:49,054 - INFO - Plots updated
2026-04-27 21:13:49,063 - INFO - Processing 1 rows
2026-04-27 21:13:49,089 - INFO - Assigned label: Moderate Pollution
2026-04-27 21:13:49,097 - INFO - Inserted 1 rows
2026-04-27 21:13:49,658 - INFO - Plots updated
2026-04-27 21:14:49,668 - INFO - Processing 1 rows
2026-04-27 21:14:49,694 - INFO - Assigned label: Unhealthy Air
2026-04-27 21:14:49,704 - INFO - Inserted 1 rows
2026-04-27 21:14:50,306 - INFO - Plots updated
2026-04-27 21:15:50,312 - INFO - Processing 1 rows
2026-04-27 21:15:50,327 - INFO - Assigned label: Unhealthy Air
2026-04-27 21:15:50,332 - INFO - Inserted 1 rows
2026-04-27 21:15:50,591 - INFO - Plots updated
2026-04-27 21:16:50,607 - INFO - Processing 1 rows
2026-04-27 21:16:50,644 - INFO - Assigned label: Unhealthy Air
2026-04-27 21:16:50,656 - INFO - Inserted 1 rows
2026-04-27 21:16:51,216 - INFO - Plots updated
2026-04-27 21:17:51,226 - INFO - Processing 1 rows
2026-04-27 21:17:51,255 - INFO - Assigned label: Unhealthy Air
2026-04-27 21:17:51,267 - INFO - Inserted 1 rows
2026-04-27 21:17:52,283 - INFO - Plots updated
2026-04-27 21:18:52,295 - INFO - Processing 1 rows
2026-04-27 21:18:52,324 - INFO - Assigned label: Unhealthy Air
2026-04-27 21:18:52,334 - INFO - Inserted 1 rows
2026-04-27 21:18:52,895 - INFO - Plots updated
2026-04-27 21:19:52,904 - INFO - Processing 1 rows
2026-04-27 21:19:52,938 - INFO - Assigned label: Unhealthy Air
2026-04-27 21:19:52,947 - INFO - Inserted 1 rows
2026-04-27 21:19:53,446 - INFO - Plots updated
2026-04-27 21:20:53,456 - INFO - Processing 1 rows
2026-04-27 21:20:53,491 - INFO - Assigned label: Unhealthy Air
2026-04-27 21:20:53,499 - INFO - Inserted 1 rows
2026-04-27 21:20:54,097 - INFO - Plots updated
2026-04-27 21:21:54,104 - INFO - Processing 1 rows
2026-04-27 21:21:54,132 - INFO - Assigned label: Unhealthy Air
2026-04-27 21:21:54,144 - INFO - Inserted 1 rows
2026-04-27 21:21:54,705 - INFO - Plots updated
2026-04-27 21:22:54,715 - INFO - Processing 1 rows
2026-04-27 21:22:54,748 - INFO - Assigned label: Unhealthy Air
2026-04-27 21:22:54,762 - INFO - Inserted 1 rows
2026-04-27 21:22:55,334 - INFO - Plots updated
2026-04-27 21:23:55,344 - INFO - Processing 1 rows
2026-04-27 21:23:55,378 - INFO - Assigned label: Unhealthy Air
2026-04-27 21:23:55,387 - INFO - Inserted 1 rows
2026-04-27 21:23:55,964 - INFO - Plots updated
2026-04-27 21:24:55,973 - INFO - Processing 1 rows
2026-04-27 21:24:56,008 - INFO - Assigned label: Unhealthy Air
2026-04-27 21:24:56,018 - INFO - Inserted 1 rows
2026-04-27 21:24:56,604 - INFO - Plots updated
2026-04-27 21:25:56,616 - INFO - Processing 1 rows
2026-04-27 21:25:56,648 - INFO - Assigned label: Unhealthy Air
2026-04-27 21:25:56,657 - INFO - Inserted 1 rows
2026-04-27 21:25:57,680 - INFO - Plots updated
2026-04-27 21:26:57,690 - INFO - Processing 1 rows
2026-04-27 21:26:57,718 - INFO - Assigned label: Unhealthy Air
2026-04-27 21:26:57,727 - INFO - Inserted 1 rows
2026-04-27 21:26:58,299 - INFO - Plots updated
2026-04-27 21:27:58,311 - INFO - Processing 1 rows
2026-04-27 21:27:58,348 - INFO - Assigned label: Unhealthy Air
2026-04-27 21:27:58,358 - INFO - Inserted 1 rows
2026-04-27 21:27:59,036 - INFO - Plots updated
2026-04-27 21:28:59,045 - INFO - Processing 1 rows
2026-04-27 21:28:59,071 - INFO - Assigned label: Unhealthy Air
2026-04-27 21:28:59,079 - INFO - Inserted 1 rows
2026-04-27 21:28:59,643 - INFO - Plots updated
2026-04-27 21:29:59,653 - INFO - Processing 1 rows
2026-04-27 21:29:59,680 - INFO - Assigned label: Unhealthy Air
2026-04-27 21:29:59,690 - INFO - Inserted 1 rows
2026-04-27 21:30:00,326 - INFO - Plots updated
2026-04-27 21:31:00,338 - INFO - Processing 1 rows
2026-04-27 21:31:00,370 - INFO - Assigned label: Unhealthy Air
2026-04-27 21:31:00,380 - INFO - Inserted 1 rows
2026-04-27 21:31:00,977 - INFO - Plots updated
2026-04-27 21:32:00,991 - INFO - Processing 1 rows
2026-04-27 21:32:01,029 - INFO - Assigned label: Unhealthy Air
2026-04-27 21:32:01,041 - INFO - Inserted 1 rows
2026-04-27 21:32:01,562 - INFO - Plots updated
2026-04-27 21:33:01,575 - INFO - Processing 1 rows
2026-04-27 21:33:01,590 - INFO - Assigned label: Unhealthy Air
2026-04-27 21:33:01,599 - INFO - Inserted 1 rows
2026-04-27 21:33:02,264 - INFO - Plots updated
2026-04-27 21:34:02,275 - INFO - Processing 1 rows
2026-04-27 21:34:02,314 - INFO - Assigned label: Unhealthy Air
2026-04-27 21:34:02,328 - INFO - Inserted 1 rows
2026-04-27 21:34:03,008 - INFO - Plots updated
2026-04-27 21:35:03,020 - INFO - Processing 1 rows
2026-04-27 21:35:03,053 - INFO - Assigned label: Unhealthy Air
2026-04-27 21:35:03,065 - INFO - Inserted 1 rows
2026-04-27 21:35:04,189 - INFO - Plots updated
2026-04-27 21:36:04,195 - INFO - Processing 1 rows
2026-04-27 21:36:04,211 - INFO - Assigned label: Unhealthy Air
2026-04-27 21:36:04,216 - INFO - Inserted 1 rows
2026-04-27 21:36:04,462 - INFO - Plots updated
2026-04-27 21:37:04,471 - INFO - Processing 1 rows
2026-04-27 21:37:04,501 - INFO - Assigned label: Unhealthy Air
2026-04-27 21:37:04,511 - INFO - Inserted 1 rows
2026-04-27 21:37:05,098 - INFO - Plots updated
2026-04-27 21:38:05,103 - INFO - Processing 1 rows
2026-04-27 21:38:05,117 - INFO - Assigned label: Unhealthy Air
2026-04-27 21:38:05,123 - INFO - Inserted 1 rows
2026-04-27 21:38:05,386 - INFO - Plots updated
2026-04-27 21:39:05,402 - INFO - Processing 1 rows
2026-04-27 21:39:05,460 - INFO - Assigned label: Unhealthy Air
2026-04-27 21:39:05,474 - INFO - Inserted 1 rows
2026-04-27 21:39:06,446 - INFO - Plots updated
2026-04-27 21:40:06,463 - INFO - Processing 1 rows
2026-04-27 21:40:06,524 - INFO - Assigned label: Unhealthy Air
2026-04-27 21:40:06,541 - INFO - Inserted 1 rows
2026-04-27 21:40:07,583 - INFO - Plots updated
2026-04-27 21:41:07,588 - INFO - Processing 1 rows
2026-04-27 21:41:07,599 - INFO - Assigned label: Unhealthy Air
2026-04-27 21:41:07,604 - INFO - Inserted 1 rows
2026-04-27 21:41:07,833 - INFO - Plots updated
2026-04-27 21:42:07,838 - INFO - Processing 1 rows
2026-04-27 21:42:07,851 - INFO - Assigned label: Unhealthy Air
2026-04-27 21:42:07,855 - INFO - Inserted 1 rows
2026-04-27 21:42:08,299 - INFO - Plots updated
2026-04-27 21:43:08,304 - INFO - Processing 1 rows
2026-04-27 21:43:08,319 - INFO - Assigned label: Unhealthy Air
2026-04-27 21:43:08,324 - INFO - Inserted 1 rows
2026-04-27 21:43:08,767 - INFO - Plots updated
2026-04-27 21:44:08,776 - INFO - Processing 1 rows
2026-04-27 21:44:08,803 - INFO - Assigned label: Unhealthy Air
2026-04-27 21:44:08,812 - INFO - Inserted 1 rows
2026-04-27 21:44:09,278 - INFO - Plots updated
2026-04-27 21:45:09,283 - INFO - Processing 1 rows
2026-04-27 21:45:09,298 - INFO - Assigned label: Unhealthy Air
2026-04-27 21:45:09,303 - INFO - Inserted 1 rows
2026-04-27 21:45:09,587 - INFO - Plots updated
2026-04-27 21:46:09,592 - INFO - Processing 1 rows
2026-04-27 21:46:09,604 - INFO - Assigned label: Unhealthy Air
2026-04-27 21:46:09,609 - INFO - Inserted 1 rows
2026-04-27 21:46:09,865 - INFO - Plots updated
2026-04-27 21:47:09,869 - INFO - Processing 1 rows
2026-04-27 21:47:09,894 - INFO - Assigned label: Unhealthy Air
2026-04-27 21:47:09,906 - INFO - Inserted 1 rows
2026-04-27 21:47:10,151 - INFO - Plots updated
2026-04-27 21:48:10,160 - INFO - Processing 2 rows
2026-04-27 21:48:10,191 - INFO - Assigned label: Unhealthy Air
2026-04-27 21:48:10,201 - INFO - Inserted 2 rows
2026-04-27 21:48:10,765 - INFO - Plots updated
2026-04-27 21:49:10,776 - INFO - Processing 1 rows
2026-04-27 21:49:10,806 - INFO - Assigned label: Unhealthy Air
2026-04-27 21:49:10,814 - INFO - Inserted 1 rows
2026-04-27 21:49:11,376 - INFO - Plots updated
2026-04-27 21:50:11,385 - INFO - Processing 1 rows
2026-04-27 21:50:11,422 - INFO - Assigned label: Unhealthy Air
2026-04-27 21:50:11,431 - INFO - Inserted 1 rows
2026-04-27 21:50:12,402 - INFO - Plots updated
2026-04-27 21:51:12,410 - INFO - Processing 1 rows
2026-04-27 21:51:12,435 - INFO - Assigned label: Unhealthy Air
2026-04-27 21:51:12,445 - INFO - Inserted 1 rows
2026-04-27 21:51:13,006 - INFO - Plots updated
2026-04-27 21:52:13,016 - INFO - Processing 1 rows
2026-04-27 21:52:13,048 - INFO - Assigned label: Unhealthy Air
2026-04-27 21:52:13,060 - INFO - Inserted 1 rows
2026-04-27 21:52:13,579 - INFO - Plots updated
2026-04-27 21:53:13,589 - INFO - Processing 1 rows
2026-04-27 21:53:13,616 - INFO - Assigned label: Unhealthy Air
2026-04-27 21:53:13,626 - INFO - Inserted 1 rows
2026-04-27 21:53:14,236 - INFO - Plots updated
2026-04-27 21:54:14,245 - INFO - Processing 1 rows
2026-04-27 21:54:14,275 - INFO - Assigned label: Unhealthy Air
2026-04-27 21:54:14,284 - INFO - Inserted 1 rows
2026-04-27 21:54:14,863 - INFO - Plots updated
2026-04-27 21:55:14,873 - INFO - Processing 1 rows
2026-04-27 21:55:14,901 - INFO - Assigned label: Unhealthy Air
2026-04-27 21:55:14,910 - INFO - Inserted 1 rows
2026-04-27 21:55:15,428 - INFO - Plots updated
2026-04-27 21:56:15,437 - INFO - Processing 1 rows
2026-04-27 21:56:15,476 - INFO - Assigned label: Unhealthy Air
2026-04-27 21:56:15,487 - INFO - Inserted 1 rows
2026-04-27 21:56:16,054 - INFO - Plots updated
2026-04-27 21:57:16,064 - INFO - Processing 1 rows
2026-04-27 21:57:16,093 - INFO - Assigned label: Unhealthy Air
2026-04-27 21:57:16,103 - INFO - Inserted 1 rows
2026-04-27 21:57:16,582 - INFO - Plots updated
2026-04-27 21:58:16,590 - INFO - Processing 1 rows
2026-04-27 21:58:16,617 - INFO - Assigned label: Unhealthy Air
2026-04-27 21:58:16,627 - INFO - Inserted 1 rows
2026-04-27 21:58:17,676 - INFO - Plots updated
2026-04-27 21:59:17,681 - INFO - Processing 1 rows
2026-04-27 21:59:17,695 - INFO - Assigned label: Unhealthy Air
2026-04-27 21:59:17,700 - INFO - Inserted 1 rows
2026-04-27 21:59:17,952 - INFO - Plots updated
2026-04-27 22:00:17,958 - INFO - Processing 1 rows
2026-04-27 22:00:17,990 - INFO - Assigned label: Unhealthy Air
2026-04-27 22:00:17,996 - INFO - Inserted 1 rows
2026-04-27 22:00:18,379 - INFO - Plots updated
2026-04-27 22:01:18,388 - INFO - Processing 1 rows
2026-04-27 22:01:18,425 - INFO - Assigned label: Unhealthy Air
2026-04-27 22:01:18,435 - INFO - Inserted 1 rows
2026-04-27 22:01:19,024 - INFO - Plots updated
2026-04-27 22:02:19,034 - INFO - Processing 1 rows
2026-04-27 22:02:19,067 - INFO - Assigned label: Unhealthy Air
2026-04-27 22:02:19,078 - INFO - Inserted 1 rows
2026-04-27 22:02:19,705 - INFO - Plots updated
2026-04-27 22:03:19,713 - INFO - Processing 1 rows
2026-04-27 22:03:19,745 - INFO - Assigned label: Unhealthy Air
2026-04-27 22:03:19,752 - INFO - Inserted 1 rows
2026-04-27 22:03:20,356 - INFO - Plots updated
2026-04-27 22:04:20,367 - INFO - Processing 1 rows
2026-04-27 22:04:20,404 - INFO - Assigned label: Unhealthy Air
2026-04-27 22:04:20,415 - INFO - Inserted 1 rows
2026-04-27 22:04:20,988 - INFO - Plots updated
2026-04-27 22:05:20,995 - INFO - Processing 1 rows
2026-04-27 22:05:21,020 - INFO - Assigned label: Unhealthy Air
2026-04-27 22:05:21,030 - INFO - Inserted 1 rows
2026-04-27 22:05:21,580 - INFO - Plots updated
2026-04-27 22:06:21,590 - INFO - Processing 1 rows
2026-04-27 22:06:21,615 - INFO - Assigned label: Unhealthy Air
2026-04-27 22:06:21,625 - INFO - Inserted 1 rows
2026-04-27 22:06:22,108 - INFO - Plots updated
2026-04-27 22:07:22,113 - INFO - Processing 1 rows
2026-04-27 22:07:22,125 - INFO - Assigned label: Unhealthy Air
2026-04-27 22:07:22,129 - INFO - Inserted 1 rows
2026-04-27 22:07:22,371 - INFO - Plots updated
2026-04-27 22:08:22,391 - INFO - Processing 1 rows
2026-04-27 22:08:22,420 - INFO - Assigned label: Unhealthy Air
2026-04-27 22:08:22,431 - INFO - Inserted 1 rows
2026-04-27 22:08:23,057 - INFO - Plots updated
2026-04-27 22:09:23,061 - INFO - Processing 1 rows
2026-04-27 22:09:23,076 - INFO - Assigned label: Unhealthy Air
2026-04-27 22:09:23,081 - INFO - Inserted 1 rows
2026-04-27 22:09:23,338 - INFO - Plots updated
2026-04-27 22:10:23,349 - INFO - Processing 1 rows
2026-04-27 22:10:23,378 - INFO - Assigned label: Unhealthy Air
2026-04-27 22:10:23,390 - INFO - Inserted 1 rows
2026-04-27 22:10:23,913 - INFO - Plots updated
2026-04-27 22:11:23,922 - INFO - Processing 1 rows
2026-04-27 22:11:23,946 - INFO - Assigned label: Unhealthy Air
2026-04-27 22:11:23,955 - INFO - Inserted 1 rows
2026-04-27 22:11:24,535 - INFO - Plots updated
2026-04-27 22:12:24,546 - INFO - Processing 1 rows
2026-04-27 22:12:24,575 - INFO - Assigned label: Unhealthy Air
2026-04-27 22:12:24,585 - INFO - Inserted 1 rows
2026-04-27 22:12:25,182 - INFO - Plots updated
2026-04-27 22:13:25,186 - INFO - Processing 1 rows
2026-04-27 22:13:25,197 - INFO - Assigned label: Unhealthy Air
2026-04-27 22:13:25,201 - INFO - Inserted 1 rows
2026-04-27 22:13:25,621 - INFO - Plots updated
2026-04-27 22:14:25,630 - INFO - Processing 1 rows
2026-04-27 22:14:25,657 - INFO - Assigned label: Unhealthy Air
2026-04-27 22:14:25,666 - INFO - Inserted 1 rows
2026-04-27 22:14:26,207 - INFO - Plots updated
2026-04-27 22:15:26,211 - INFO - Processing 1 rows
2026-04-27 22:15:26,224 - INFO - Assigned label: Unhealthy Air
2026-04-27 22:15:26,228 - INFO - Inserted 1 rows
2026-04-27 22:15:26,483 - INFO - Plots updated
2026-04-27 22:16:26,488 - INFO - Processing 1 rows
2026-04-27 22:16:26,500 - INFO - Assigned label: Unhealthy Air
2026-04-27 22:16:26,504 - INFO - Inserted 1 rows
2026-04-27 22:16:26,734 - INFO - Plots updated
2026-04-27 22:17:26,739 - INFO - Processing 1 rows
2026-04-27 22:17:26,751 - INFO - Assigned label: Unhealthy Air
2026-04-27 22:17:26,756 - INFO - Inserted 1 rows
2026-04-27 22:17:27,007 - INFO - Plots updated
2026-04-27 22:18:27,015 - INFO - Processing 1 rows
2026-04-27 22:18:27,043 - INFO - Assigned label: Unhealthy Air
2026-04-27 22:18:27,052 - INFO - Inserted 1 rows
2026-04-27 22:18:27,488 - INFO - Plots updated
2026-04-27 22:19:27,497 - INFO - Processing 1 rows
2026-04-27 22:19:27,523 - INFO - Assigned label: Unhealthy Air
2026-04-27 22:19:27,532 - INFO - Inserted 1 rows
2026-04-27 22:19:28,030 - INFO - Plots updated
2026-04-27 22:20:28,040 - INFO - Processing 1 rows
2026-04-27 22:20:28,071 - INFO - Assigned label: Unhealthy Air
2026-04-27 22:20:28,080 - INFO - Inserted 1 rows
2026-04-27 22:20:28,607 - INFO - Plots updated
2026-04-27 22:21:28,618 - INFO - Processing 1 rows
2026-04-27 22:21:28,648 - INFO - Assigned label: Unhealthy Air
2026-04-27 22:21:28,657 - INFO - Inserted 1 rows
2026-04-27 22:21:29,656 - INFO - Plots updated
2026-04-27 22:22:29,668 - INFO - Processing 1 rows
2026-04-27 22:22:29,704 - INFO - Assigned label: Unhealthy Air
2026-04-27 22:22:29,713 - INFO - Inserted 1 rows
2026-04-27 22:22:30,240 - INFO - Plots updated
2026-04-27 22:23:30,249 - INFO - Processing 1 rows
2026-04-27 22:23:30,279 - INFO - Assigned label: Unhealthy Air
2026-04-27 22:23:30,289 - INFO - Inserted 1 rows
2026-04-27 22:23:30,837 - INFO - Plots updated
2026-04-27 22:24:30,847 - INFO - Processing 1 rows
2026-04-27 22:24:30,874 - INFO - Assigned label: Unhealthy Air
2026-04-27 22:24:30,882 - INFO - Inserted 1 rows
2026-04-27 22:24:31,407 - INFO - Plots updated
2026-04-27 22:25:31,416 - INFO - Processing 1 rows
2026-04-27 22:25:31,444 - INFO - Assigned label: Unhealthy Air
2026-04-27 22:25:31,453 - INFO - Inserted 1 rows
2026-04-27 22:25:31,706 - INFO - Plots updated
2026-04-27 22:26:31,714 - INFO - Processing 1 rows
2026-04-27 22:26:31,748 - INFO - Assigned label: Unhealthy Air
2026-04-27 22:26:31,757 - INFO - Inserted 1 rows
2026-04-27 22:26:32,295 - INFO - Plots updated
2026-04-27 22:27:32,305 - INFO - Processing 1 rows
2026-04-27 22:27:32,335 - INFO - Assigned label: Unhealthy Air
2026-04-27 22:27:32,346 - INFO - Inserted 1 rows
2026-04-27 22:27:32,922 - INFO - Plots updated
2026-04-27 22:28:32,932 - INFO - Processing 1 rows
2026-04-27 22:28:32,960 - INFO - Assigned label: Unhealthy Air
2026-04-27 22:28:32,969 - INFO - Inserted 1 rows
2026-04-27 22:28:33,306 - INFO - Plots updated
2026-04-27 22:29:33,315 - INFO - Processing 1 rows
2026-04-27 22:29:33,344 - INFO - Assigned label: Unhealthy Air
2026-04-27 22:29:33,352 - INFO - Inserted 1 rows
2026-04-27 22:29:33,863 - INFO - Plots updated
2026-04-27 22:30:33,872 - INFO - Processing 1 rows
2026-04-27 22:30:33,903 - INFO - Assigned label: Unhealthy Air
2026-04-27 22:30:33,912 - INFO - Inserted 1 rows
2026-04-27 22:30:34,837 - INFO - Plots updated
2026-04-27 22:31:34,845 - INFO - Processing 1 rows
2026-04-27 22:31:34,882 - INFO - Assigned label: Unhealthy Air
2026-04-27 22:31:34,891 - INFO - Inserted 1 rows
2026-04-27 22:31:35,422 - INFO - Plots updated
2026-04-27 22:32:35,432 - INFO - Processing 1 rows
2026-04-27 22:32:35,469 - INFO - Assigned label: Unhealthy Air
2026-04-27 22:32:35,478 - INFO - Inserted 1 rows
2026-04-27 22:32:36,058 - INFO - Plots updated
2026-04-27 22:33:36,070 - INFO - Processing 1 rows
2026-04-27 22:33:36,102 - INFO - Assigned label: Unhealthy Air
2026-04-27 22:33:36,112 - INFO - Inserted 1 rows
2026-04-27 22:33:36,491 - INFO - Plots updated
2026-04-27 22:34:36,502 - INFO - Processing 1 rows
2026-04-27 22:34:36,527 - INFO - Assigned label: Unhealthy Air
2026-04-27 22:34:36,538 - INFO - Inserted 1 rows
2026-04-27 22:34:37,082 - INFO - Plots updated
2026-04-27 22:35:37,091 - INFO - Processing 1 rows
2026-04-27 22:35:37,123 - INFO - Assigned label: Unhealthy Air
2026-04-27 22:35:37,132 - INFO - Inserted 1 rows
2026-04-27 22:35:37,657 - INFO - Plots updated
2026-04-27 22:36:37,667 - INFO - Processing 1 rows
2026-04-27 22:36:37,704 - INFO - Assigned label: Unhealthy Air
2026-04-27 22:36:37,713 - INFO - Inserted 1 rows
2026-04-27 22:36:38,279 - INFO - Plots updated
2026-04-27 22:37:38,284 - INFO - Processing 1 rows
2026-04-27 22:37:38,298 - INFO - Assigned label: Unhealthy Air
2026-04-27 22:37:38,302 - INFO - Inserted 1 rows
2026-04-27 22:37:38,527 - INFO - Plots updated
2026-04-27 22:38:38,535 - INFO - Processing 1 rows
2026-04-27 22:38:38,566 - INFO - Assigned label: Unhealthy Air
2026-04-27 22:38:38,575 - INFO - Inserted 1 rows
2026-04-27 22:38:39,112 - INFO - Plots updated
2026-04-27 22:39:39,120 - INFO - Processing 1 rows
2026-04-27 22:39:39,146 - INFO - Assigned label: Unhealthy Air
2026-04-27 22:39:39,154 - INFO - Inserted 1 rows
2026-04-27 22:39:39,700 - INFO - Plots updated
2026-04-27 22:40:39,711 - INFO - Processing 1 rows
2026-04-27 22:40:39,746 - INFO - Assigned label: Unhealthy Air
2026-04-27 22:40:39,756 - INFO - Inserted 1 rows
2026-04-27 22:40:40,941 - INFO - Plots updated
2026-04-27 22:41:40,947 - INFO - Processing 1 rows
2026-04-27 22:41:40,960 - INFO - Assigned label: Unhealthy Air
2026-04-27 22:41:40,965 - INFO - Inserted 1 rows
2026-04-27 22:41:41,182 - INFO - Plots updated
2026-04-27 22:42:41,187 - INFO - Processing 1 rows
2026-04-27 22:42:41,203 - INFO - Assigned label: Unhealthy Air
2026-04-27 22:42:41,212 - INFO - Inserted 1 rows
2026-04-27 22:42:41,468 - INFO - Plots updated
2026-04-27 22:43:41,472 - INFO - Processing 1 rows
2026-04-27 22:43:41,484 - INFO - Assigned label: Unhealthy Air
2026-04-27 22:43:41,488 - INFO - Inserted 1 rows
2026-04-27 22:43:41,705 - INFO - Plots updated
2026-04-27 22:44:41,715 - INFO - Processing 1 rows
2026-04-27 22:44:41,743 - INFO - Assigned label: Unhealthy Air
2026-04-27 22:44:41,752 - INFO - Inserted 1 rows
2026-04-27 22:44:42,265 - INFO - Plots updated
2026-04-27 22:45:42,269 - INFO - Processing 1 rows
2026-04-27 22:45:42,282 - INFO - Assigned label: Unhealthy Air
2026-04-27 22:45:42,286 - INFO - Inserted 1 rows
2026-04-27 22:45:42,611 - INFO - Plots updated
2026-04-27 22:46:42,616 - INFO - Processing 1 rows
2026-04-27 22:46:42,628 - INFO - Assigned label: Unhealthy Air
2026-04-27 22:46:42,633 - INFO - Inserted 1 rows
2026-04-27 22:46:42,858 - INFO - Plots updated
2026-04-27 22:47:42,877 - INFO - Processing 1 rows
2026-04-27 22:47:42,911 - INFO - Assigned label: Unhealthy Air
2026-04-27 22:47:42,924 - INFO - Inserted 1 rows
2026-04-27 22:47:43,476 - INFO - Plots updated
2026-04-27 22:48:43,488 - INFO - Processing 1 rows
2026-04-27 22:48:43,514 - INFO - Assigned label: Unhealthy Air
2026-04-27 22:48:43,525 - INFO - Inserted 1 rows
2026-04-27 22:48:44,011 - INFO - Plots updated
2026-04-27 22:49:44,021 - INFO - Processing 1 rows
2026-04-27 22:49:44,044 - INFO - Assigned label: Unhealthy Air
2026-04-27 22:49:44,053 - INFO - Inserted 1 rows
2026-04-27 22:49:44,551 - INFO - Plots updated
2026-04-27 22:50:44,560 - INFO - Processing 1 rows
2026-04-27 22:50:44,587 - INFO - Assigned label: Unhealthy Air
2026-04-27 22:50:44,595 - INFO - Inserted 1 rows
2026-04-27 22:50:45,598 - INFO - Plots updated
2026-04-27 22:51:45,607 - INFO - Processing 1 rows
2026-04-27 22:51:45,644 - INFO - Assigned label: Moderate Pollution
2026-04-27 22:51:45,653 - INFO - Inserted 1 rows
2026-04-27 22:51:46,035 - INFO - Plots updated
2026-04-27 22:52:46,047 - INFO - Processing 1 rows
2026-04-27 22:52:46,084 - INFO - Assigned label: Unhealthy Air
2026-04-27 22:52:46,096 - INFO - Inserted 1 rows
2026-04-27 22:52:46,675 - INFO - Plots updated
2026-04-27 22:53:46,684 - INFO - Processing 1 rows
2026-04-27 22:53:46,708 - INFO - Assigned label: Unhealthy Air
2026-04-27 22:53:46,717 - INFO - Inserted 1 rows
2026-04-27 22:53:47,202 - INFO - Plots updated
2026-04-27 22:54:47,212 - INFO - Processing 1 rows
2026-04-27 22:54:47,242 - INFO - Assigned label: Unhealthy Air
2026-04-27 22:54:47,254 - INFO - Inserted 1 rows
2026-04-27 22:54:47,771 - INFO - Plots updated
2026-04-27 22:55:47,782 - INFO - Processing 1 rows
2026-04-27 22:55:47,810 - INFO - Assigned label: Unhealthy Air
2026-04-27 22:55:47,820 - INFO - Inserted 1 rows
2026-04-27 22:55:48,377 - INFO - Plots updated
2026-04-27 22:56:48,388 - INFO - Processing 1 rows
2026-04-27 22:56:48,421 - INFO - Assigned label: Unhealthy Air
2026-04-27 22:56:48,430 - INFO - Inserted 1 rows
2026-04-27 22:56:48,979 - INFO - Plots updated
2026-04-27 22:57:48,988 - INFO - Processing 1 rows
2026-04-27 22:57:49,009 - INFO - Assigned label: Unhealthy Air
2026-04-27 22:57:49,014 - INFO - Inserted 1 rows
2026-04-27 22:57:49,259 - INFO - Plots updated
2026-04-27 22:58:49,268 - INFO - Processing 1 rows
2026-04-27 22:58:49,294 - INFO - Assigned label: Unhealthy Air
2026-04-27 22:58:49,302 - INFO - Inserted 1 rows
2026-04-27 22:58:49,773 - INFO - Plots updated
2026-04-27 22:59:49,782 - INFO - Processing 1 rows
2026-04-27 22:59:49,822 - INFO - Assigned label: Unhealthy Air
2026-04-27 22:59:49,830 - INFO - Inserted 1 rows
2026-04-27 22:59:50,519 - INFO - Plots updated
2026-04-27 23:00:50,523 - INFO - Processing 1 rows
2026-04-27 23:00:50,536 - INFO - Assigned label: Unhealthy Air
2026-04-27 23:00:50,540 - INFO - Inserted 1 rows
2026-04-27 23:00:50,781 - INFO - Plots updated
2026-04-27 23:01:50,786 - INFO - Processing 1 rows
2026-04-27 23:01:50,799 - INFO - Assigned label: Unhealthy Air
2026-04-27 23:01:50,803 - INFO - Inserted 1 rows
2026-04-27 23:01:51,018 - INFO - Plots updated
2026-04-27 23:02:51,027 - INFO - Processing 1 rows
2026-04-27 23:02:51,072 - INFO - Assigned label: Unhealthy Air
2026-04-27 23:02:51,086 - INFO - Inserted 1 rows
2026-04-27 23:02:51,677 - INFO - Plots updated
2026-04-27 23:03:51,687 - INFO - Processing 1 rows
2026-04-27 23:03:51,713 - INFO - Assigned label: Unhealthy Air
2026-04-27 23:03:51,722 - INFO - Inserted 1 rows
2026-04-27 23:03:52,267 - INFO - Plots updated
2026-04-27 23:04:52,277 - INFO - Processing 1 rows
2026-04-27 23:04:52,318 - INFO - Assigned label: Unhealthy Air
2026-04-27 23:04:52,327 - INFO - Inserted 1 rows
2026-04-27 23:04:52,824 - INFO - Plots updated
2026-04-27 23:05:52,834 - INFO - Processing 1 rows
2026-04-27 23:05:52,865 - INFO - Assigned label: Unhealthy Air
2026-04-27 23:05:52,875 - INFO - Inserted 1 rows
2026-04-27 23:05:53,367 - INFO - Plots updated
2026-04-27 23:06:53,376 - INFO - Processing 1 rows
2026-04-27 23:06:53,402 - INFO - Assigned label: Unhealthy Air
2026-04-27 23:06:53,410 - INFO - Inserted 1 rows
2026-04-27 23:06:53,911 - INFO - Plots updated
2026-04-27 23:07:53,922 - INFO - Processing 1 rows
2026-04-27 23:07:53,955 - INFO - Assigned label: Unhealthy Air
2026-04-27 23:07:53,966 - INFO - Inserted 1 rows
2026-04-27 23:07:54,500 - INFO - Plots updated
2026-04-27 23:08:54,512 - INFO - Processing 1 rows
2026-04-27 23:08:54,553 - INFO - Assigned label: Unhealthy Air
2026-04-27 23:08:54,565 - INFO - Inserted 1 rows
2026-04-27 23:08:55,615 - INFO - Plots updated
2026-04-27 23:09:55,624 - INFO - Processing 1 rows
2026-04-27 23:09:55,657 - INFO - Assigned label: Unhealthy Air
2026-04-27 23:09:55,664 - INFO - Inserted 1 rows
2026-04-27 23:09:56,213 - INFO - Plots updated
2026-04-27 23:10:56,223 - INFO - Processing 1 rows
2026-04-27 23:10:56,242 - INFO - Assigned label: Unhealthy Air
2026-04-27 23:10:56,247 - INFO - Inserted 1 rows
2026-04-27 23:10:56,482 - INFO - Plots updated
2026-04-27 23:11:56,503 - INFO - Processing 1 rows
2026-04-27 23:11:56,531 - INFO - Assigned label: Unhealthy Air
2026-04-27 23:11:56,539 - INFO - Inserted 1 rows
2026-04-27 23:11:57,041 - INFO - Plots updated
2026-04-27 23:12:57,052 - INFO - Processing 1 rows
2026-04-27 23:12:57,080 - INFO - Assigned label: Unhealthy Air
2026-04-27 23:12:57,090 - INFO - Inserted 1 rows
2026-04-27 23:12:57,619 - INFO - Plots updated
2026-04-27 23:13:57,630 - INFO - Processing 1 rows
2026-04-27 23:13:57,655 - INFO - Assigned label: Unhealthy Air
2026-04-27 23:13:57,664 - INFO - Inserted 1 rows
2026-04-27 23:13:58,194 - INFO - Plots updated
2026-04-27 23:14:58,205 - INFO - Processing 1 rows
2026-04-27 23:14:58,230 - INFO - Assigned label: Unhealthy Air
2026-04-27 23:14:58,237 - INFO - Inserted 1 rows
2026-04-27 23:14:58,740 - INFO - Plots updated
2026-04-27 23:15:58,749 - INFO - Processing 1 rows
2026-04-27 23:15:58,776 - INFO - Assigned label: Unhealthy Air
2026-04-27 23:15:58,785 - INFO - Inserted 1 rows
2026-04-27 23:15:59,266 - INFO - Plots updated
2026-04-27 23:16:59,275 - INFO - Processing 1 rows
2026-04-27 23:16:59,304 - INFO - Assigned label: Unhealthy Air
2026-04-27 23:16:59,311 - INFO - Inserted 1 rows
2026-04-27 23:16:59,812 - INFO - Plots updated
2026-04-27 23:17:59,822 - INFO - Processing 1 rows
2026-04-27 23:17:59,854 - INFO - Assigned label: Unhealthy Air
2026-04-27 23:17:59,864 - INFO - Inserted 1 rows
2026-04-27 23:18:00,459 - INFO - Plots updated
2026-04-27 23:19:00,465 - INFO - Processing 1 rows
2026-04-27 23:19:00,710 - INFO - Assigned label: Unhealthy Air
2026-04-27 23:19:00,715 - INFO - Inserted 1 rows
2026-04-27 23:19:00,940 - INFO - Plots updated
2026-04-27 23:20:00,951 - INFO - Processing 1 rows
2026-04-27 23:20:00,984 - INFO - Assigned label: Unhealthy Air
2026-04-27 23:20:00,994 - INFO - Inserted 1 rows
2026-04-27 23:20:01,695 - INFO - Plots updated
2026-04-27 23:21:01,706 - INFO - Processing 1 rows
2026-04-27 23:21:01,741 - INFO - Assigned label: Unhealthy Air
2026-04-27 23:21:01,751 - INFO - Inserted 1 rows
2026-04-27 23:21:02,382 - INFO - Plots updated
2026-04-27 23:22:02,392 - INFO - Processing 1 rows
2026-04-27 23:22:02,419 - INFO - Assigned label: Unhealthy Air
2026-04-27 23:22:02,428 - INFO - Inserted 1 rows
2026-04-27 23:22:02,742 - INFO - Plots updated
2026-04-27 23:23:02,751 - INFO - Processing 1 rows
2026-04-27 23:23:02,778 - INFO - Assigned label: Unhealthy Air
2026-04-27 23:23:02,791 - INFO - Inserted 1 rows
2026-04-27 23:23:03,270 - INFO - Plots updated
2026-04-27 23:24:03,288 - INFO - Processing 1 rows
2026-04-27 23:24:03,321 - INFO - Assigned label: Unhealthy Air
2026-04-27 23:24:03,330 - INFO - Inserted 1 rows
2026-04-27 23:24:03,844 - INFO - Plots updated
2026-04-27 23:25:03,853 - INFO - Processing 1 rows
2026-04-27 23:25:03,883 - INFO - Assigned label: Unhealthy Air
2026-04-27 23:25:03,893 - INFO - Inserted 1 rows
2026-04-27 23:25:04,325 - INFO - Plots updated
2026-04-27 23:26:04,334 - INFO - Processing 1 rows
2026-04-27 23:26:04,361 - INFO - Assigned label: Unhealthy Air
2026-04-27 23:26:04,370 - INFO - Inserted 1 rows
2026-04-27 23:26:04,891 - INFO - Plots updated
2026-04-27 23:27:04,898 - INFO - Processing 1 rows
2026-04-27 23:27:04,910 - INFO - Assigned label: Unhealthy Air
2026-04-27 23:27:04,915 - INFO - Inserted 1 rows
2026-04-27 23:27:05,130 - INFO - Plots updated
2026-04-27 23:28:05,140 - INFO - Processing 1 rows
2026-04-27 23:28:05,166 - INFO - Assigned label: Unhealthy Air
2026-04-27 23:28:05,176 - INFO - Inserted 1 rows
2026-04-27 23:28:05,742 - INFO - Plots updated
2026-04-27 23:29:05,752 - INFO - Processing 1 rows
2026-04-27 23:29:05,782 - INFO - Assigned label: Unhealthy Air
2026-04-27 23:29:05,792 - INFO - Inserted 1 rows
2026-04-27 23:29:06,703 - INFO - Plots updated
2026-04-27 23:30:06,708 - INFO - Processing 1 rows
2026-04-27 23:30:06,726 - INFO - Assigned label: Unhealthy Air
2026-04-27 23:30:06,730 - INFO - Inserted 1 rows
2026-04-27 23:30:06,996 - INFO - Plots updated
2026-04-27 23:31:07,005 - INFO - Processing 1 rows
2026-04-27 23:31:07,044 - INFO - Assigned label: Unhealthy Air
2026-04-27 23:31:07,053 - INFO - Inserted 1 rows
2026-04-27 23:31:07,583 - INFO - Plots updated
2026-04-27 23:32:07,595 - INFO - Processing 1 rows
2026-04-27 23:32:07,626 - INFO - Assigned label: Unhealthy Air
2026-04-27 23:32:07,637 - INFO - Inserted 1 rows
2026-04-27 23:32:07,874 - INFO - Plots updated
2026-04-27 23:33:07,883 - INFO - Processing 1 rows
2026-04-27 23:33:07,914 - INFO - Assigned label: Unhealthy Air
2026-04-27 23:33:07,926 - INFO - Inserted 1 rows
2026-04-27 23:33:08,505 - INFO - Plots updated
2026-04-27 23:34:08,516 - INFO - Processing 1 rows
2026-04-27 23:34:08,549 - INFO - Assigned label: Unhealthy Air
2026-04-27 23:34:08,559 - INFO - Inserted 1 rows
2026-04-27 23:34:09,134 - INFO - Plots updated
2026-04-27 23:35:09,145 - INFO - Processing 1 rows
2026-04-27 23:35:09,180 - INFO - Assigned label: Unhealthy Air
2026-04-27 23:35:09,188 - INFO - Inserted 1 rows
2026-04-27 23:35:09,732 - INFO - Plots updated
2026-04-27 23:36:09,743 - INFO - Processing 1 rows
2026-04-27 23:36:09,775 - INFO - Assigned label: Unhealthy Air
2026-04-27 23:36:09,785 - INFO - Inserted 1 rows
2026-04-27 23:36:10,310 - INFO - Plots updated
2026-04-27 23:37:10,319 - INFO - Processing 2 rows
2026-04-27 23:37:10,350 - INFO - Assigned label: Unhealthy Air
2026-04-27 23:37:10,361 - INFO - Inserted 2 rows
2026-04-27 23:37:10,887 - INFO - Plots updated
2026-04-27 23:38:10,898 - INFO - Processing 1 rows
2026-04-27 23:38:10,927 - INFO - Assigned label: Unhealthy Air
2026-04-27 23:38:10,936 - INFO - Inserted 1 rows
2026-04-27 23:38:11,426 - INFO - Plots updated
2026-04-27 23:39:11,435 - INFO - Processing 1 rows
2026-04-27 23:39:11,465 - INFO - Assigned label: Unhealthy Air
2026-04-27 23:39:11,475 - INFO - Inserted 1 rows
2026-04-27 23:39:12,353 - INFO - Plots updated
2026-04-27 23:40:12,366 - INFO - Processing 1 rows
2026-04-27 23:40:12,397 - INFO - Assigned label: Unhealthy Air
2026-04-27 23:40:12,406 - INFO - Inserted 1 rows
2026-04-27 23:40:12,899 - INFO - Plots updated
2026-04-27 23:41:12,904 - INFO - Processing 1 rows
2026-04-27 23:41:12,919 - INFO - Assigned label: Unhealthy Air
2026-04-27 23:41:12,924 - INFO - Inserted 1 rows
2026-04-27 23:41:13,151 - INFO - Plots updated
2026-04-27 23:42:13,159 - INFO - Processing 1 rows
2026-04-27 23:42:13,189 - INFO - Assigned label: Unhealthy Air
2026-04-27 23:42:13,197 - INFO - Inserted 1 rows
2026-04-27 23:42:13,585 - INFO - Plots updated
2026-04-27 23:43:13,597 - INFO - Processing 1 rows
2026-04-27 23:43:13,633 - INFO - Assigned label: Unhealthy Air
2026-04-27 23:43:13,644 - INFO - Inserted 1 rows
2026-04-27 23:43:14,009 - INFO - Plots updated
2026-04-27 23:44:14,014 - INFO - Processing 1 rows
2026-04-27 23:44:14,030 - INFO - Assigned label: Unhealthy Air
2026-04-27 23:44:14,035 - INFO - Inserted 1 rows
2026-04-27 23:44:14,261 - INFO - Plots updated
2026-04-27 23:45:14,266 - INFO - Processing 1 rows
2026-04-27 23:45:14,277 - INFO - Assigned label: Unhealthy Air
2026-04-27 23:45:14,281 - INFO - Inserted 1 rows
2026-04-27 23:45:14,505 - INFO - Plots updated
2026-04-27 23:46:14,510 - INFO - Processing 1 rows
2026-04-27 23:46:14,524 - INFO - Assigned label: Unhealthy Air
2026-04-27 23:46:14,528 - INFO - Inserted 1 rows
2026-04-27 23:46:14,771 - INFO - Plots updated
2026-04-27 23:47:14,780 - INFO - Processing 1 rows
2026-04-27 23:47:14,810 - INFO - Assigned label: Unhealthy Air
2026-04-27 23:47:14,819 - INFO - Inserted 1 rows
2026-04-27 23:47:15,327 - INFO - Plots updated
2026-04-27 23:48:15,337 - INFO - Processing 1 rows
2026-04-27 23:48:15,364 - INFO - Assigned label: Unhealthy Air
2026-04-27 23:48:15,377 - INFO - Inserted 1 rows
2026-04-27 23:48:15,920 - INFO - Plots updated
2026-04-27 23:49:15,932 - INFO - Processing 1 rows
2026-04-27 23:49:15,967 - INFO - Assigned label: Unhealthy Air
2026-04-27 23:49:15,976 - INFO - Inserted 1 rows
2026-04-27 23:49:17,023 - INFO - Plots updated
2026-04-27 23:50:17,033 - INFO - Processing 1 rows
2026-04-27 23:50:17,060 - INFO - Assigned label: Unhealthy Air
2026-04-27 23:50:17,069 - INFO - Inserted 1 rows
2026-04-27 23:50:17,630 - INFO - Plots updated
2026-04-27 23:51:17,640 - INFO - Processing 1 rows
2026-04-27 23:51:17,673 - INFO - Assigned label: Unhealthy Air
2026-04-27 23:51:17,683 - INFO - Inserted 1 rows
2026-04-27 23:51:18,221 - INFO - Plots updated
2026-04-27 23:52:18,231 - INFO - Processing 1 rows
2026-04-27 23:52:18,266 - INFO - Assigned label: Unhealthy Air
2026-04-27 23:52:18,276 - INFO - Inserted 1 rows
2026-04-27 23:52:18,857 - INFO - Plots updated
2026-04-27 23:53:18,867 - INFO - Processing 1 rows
2026-04-27 23:53:18,901 - INFO - Assigned label: Unhealthy Air
2026-04-27 23:53:18,912 - INFO - Inserted 1 rows
2026-04-27 23:53:19,506 - INFO - Plots updated
2026-04-27 23:54:19,515 - INFO - Processing 1 rows
2026-04-27 23:54:19,545 - INFO - Assigned label: Unhealthy Air
2026-04-27 23:54:19,554 - INFO - Inserted 1 rows
2026-04-27 23:54:19,828 - INFO - Plots updated
2026-04-27 23:55:19,838 - INFO - Processing 1 rows
2026-04-27 23:55:19,867 - INFO - Assigned label: Unhealthy Air
2026-04-27 23:55:19,878 - INFO - Inserted 1 rows
2026-04-27 23:55:20,466 - INFO - Plots updated
2026-04-27 23:56:20,475 - INFO - Processing 1 rows
2026-04-27 23:56:20,511 - INFO - Assigned label: Unhealthy Air
2026-04-27 23:56:20,525 - INFO - Inserted 1 rows
2026-04-27 23:56:21,133 - INFO - Plots updated
2026-04-27 23:57:21,144 - INFO - Processing 1 rows
2026-04-27 23:57:21,179 - INFO - Assigned label: Unhealthy Air
2026-04-27 23:57:21,191 - INFO - Inserted 1 rows
2026-04-27 23:57:21,732 - INFO - Plots updated
2026-04-27 23:58:21,743 - INFO - Processing 1 rows
2026-04-27 23:58:21,778 - INFO - Assigned label: Unhealthy Air
2026-04-27 23:58:21,789 - INFO - Inserted 1 rows
2026-04-27 23:58:22,895 - INFO - Plots updated
2026-04-27 23:59:22,905 - INFO - Processing 1 rows
2026-04-27 23:59:22,934 - INFO - Assigned label: Unhealthy Air
2026-04-27 23:59:22,945 - INFO - Inserted 1 rows
2026-04-27 23:59:23,334 - INFO - Plots updated
2026-04-28 00:00:23,349 - INFO - Processing 1 rows
2026-04-28 00:00:23,384 - INFO - Assigned label: Unhealthy Air
2026-04-28 00:00:23,408 - INFO - Inserted 1 rows
2026-04-28 00:00:23,839 - INFO - Plots updated
2026-04-28 00:01:23,845 - INFO - Processing 1 rows
2026-04-28 00:01:23,864 - INFO - Assigned label: Unhealthy Air
2026-04-28 00:01:23,868 - INFO - Inserted 1 rows
2026-04-28 00:01:24,128 - INFO - Plots updated
2026-04-28 00:02:24,133 - INFO - Processing 1 rows
2026-04-28 00:02:24,145 - INFO - Assigned label: Moderate Pollution
2026-04-28 00:02:24,149 - INFO - Inserted 1 rows
2026-04-28 00:02:24,385 - INFO - Plots updated
2026-04-28 00:03:24,390 - INFO - Processing 1 rows
2026-04-28 00:03:24,408 - INFO - Assigned label: Moderate Pollution
2026-04-28 00:03:24,413 - INFO - Inserted 1 rows
2026-04-28 00:03:24,641 - INFO - Plots updated
2026-04-28 00:04:24,646 - INFO - Processing 1 rows
2026-04-28 00:04:24,660 - INFO - Assigned label: Moderate Pollution
2026-04-28 00:04:24,665 - INFO - Inserted 1 rows
2026-04-28 00:04:24,927 - INFO - Plots updated
2026-04-28 00:05:24,932 - INFO - Processing 1 rows
2026-04-28 00:05:24,949 - INFO - Assigned label: Moderate Pollution
2026-04-28 00:05:24,954 - INFO - Inserted 1 rows
2026-04-28 00:05:25,214 - INFO - Plots updated
2026-04-28 00:06:25,218 - INFO - Processing 1 rows
2026-04-28 00:06:25,232 - INFO - Assigned label: Moderate Pollution
2026-04-28 00:06:25,237 - INFO - Inserted 1 rows
2026-04-28 00:06:25,712 - INFO - Plots updated
2026-04-28 00:07:25,717 - INFO - Processing 1 rows
2026-04-28 00:07:25,730 - INFO - Assigned label: Moderate Pollution
2026-04-28 00:07:25,735 - INFO - Inserted 1 rows
2026-04-28 00:07:25,998 - INFO - Plots updated
2026-04-28 00:08:26,003 - INFO - Processing 1 rows
2026-04-28 00:08:26,017 - INFO - Assigned label: Moderate Pollution
2026-04-28 00:08:26,022 - INFO - Inserted 1 rows
2026-04-28 00:08:26,288 - INFO - Plots updated
2026-04-28 00:09:26,297 - INFO - Processing 1 rows
2026-04-28 00:09:26,310 - INFO - Assigned label: Moderate Pollution
2026-04-28 00:09:26,314 - INFO - Inserted 1 rows
2026-04-28 00:09:26,611 - INFO - Plots updated
2026-04-28 00:10:26,616 - INFO - Processing 1 rows
2026-04-28 00:10:26,630 - INFO - Assigned label: Moderate Pollution
2026-04-28 00:10:26,635 - INFO - Inserted 1 rows
2026-04-28 00:10:26,887 - INFO - Plots updated
2026-04-28 00:11:26,892 - INFO - Processing 1 rows
2026-04-28 00:11:26,908 - INFO - Assigned label: Moderate Pollution
2026-04-28 00:11:26,914 - INFO - Inserted 1 rows
2026-04-28 00:11:27,173 - INFO - Plots updated
2026-04-28 00:12:27,177 - INFO - Processing 1 rows
2026-04-28 00:12:27,190 - INFO - Assigned label: Moderate Pollution
2026-04-28 00:12:27,194 - INFO - Inserted 1 rows
2026-04-28 00:12:27,432 - INFO - Plots updated
2026-04-28 00:13:27,437 - INFO - Processing 1 rows
2026-04-28 00:13:27,452 - INFO - Assigned label: Moderate Pollution
2026-04-28 00:13:27,456 - INFO - Inserted 1 rows
2026-04-28 00:13:27,678 - INFO - Plots updated
2026-04-28 00:14:27,683 - INFO - Processing 1 rows
2026-04-28 00:14:27,696 - INFO - Assigned label: Moderate Pollution
2026-04-28 00:14:27,700 - INFO - Inserted 1 rows
2026-04-28 00:14:28,140 - INFO - Plots updated
2026-04-28 00:15:28,144 - INFO - Processing 1 rows
2026-04-28 00:15:28,160 - INFO - Assigned label: Moderate Pollution
2026-04-28 00:15:28,165 - INFO - Inserted 1 rows
2026-04-28 00:15:28,427 - INFO - Plots updated
2026-04-28 00:16:28,433 - INFO - Processing 1 rows
2026-04-28 00:16:28,456 - INFO - Assigned label: Moderate Pollution
2026-04-28 00:16:28,462 - INFO - Inserted 1 rows
2026-04-28 00:16:28,731 - INFO - Plots updated
2026-04-28 00:17:28,736 - INFO - Processing 1 rows
2026-04-28 00:17:28,755 - INFO - Assigned label: Moderate Pollution
2026-04-28 00:17:28,759 - INFO - Inserted 1 rows
2026-04-28 00:17:29,014 - INFO - Plots updated
2026-04-28 00:18:29,018 - INFO - Processing 1 rows
2026-04-28 00:18:29,033 - INFO - Assigned label: Moderate Pollution
2026-04-28 00:18:29,037 - INFO - Inserted 1 rows
2026-04-28 00:18:29,311 - INFO - Plots updated
2026-04-28 00:19:29,316 - INFO - Processing 1 rows
2026-04-28 00:19:29,328 - INFO - Assigned label: Moderate Pollution
2026-04-28 00:19:29,332 - INFO - Inserted 1 rows
2026-04-28 00:19:29,583 - INFO - Plots updated
2026-04-28 00:20:29,588 - INFO - Processing 1 rows
2026-04-28 00:20:29,602 - INFO - Assigned label: Moderate Pollution
2026-04-28 00:20:29,606 - INFO - Inserted 1 rows
2026-04-28 00:20:29,852 - INFO - Plots updated
2026-04-28 00:21:29,857 - INFO - Processing 1 rows
2026-04-28 00:21:29,872 - INFO - Assigned label: Moderate Pollution
2026-04-28 00:21:29,877 - INFO - Inserted 1 rows
2026-04-28 00:21:30,130 - INFO - Plots updated
2026-04-28 00:22:30,134 - INFO - Processing 1 rows
2026-04-28 00:22:30,147 - INFO - Assigned label: Moderate Pollution
2026-04-28 00:22:30,151 - INFO - Inserted 1 rows
2026-04-28 00:22:30,391 - INFO - Plots updated
2026-04-28 00:23:30,395 - INFO - Processing 1 rows
2026-04-28 00:23:30,406 - INFO - Assigned label: Moderate Pollution
2026-04-28 00:23:30,410 - INFO - Inserted 1 rows
2026-04-28 00:23:30,852 - INFO - Plots updated
2026-04-28 00:24:30,856 - INFO - Processing 1 rows
2026-04-28 00:24:30,869 - INFO - Assigned label: Moderate Pollution
2026-04-28 00:24:30,874 - INFO - Inserted 1 rows
2026-04-28 00:24:31,130 - INFO - Plots updated
2026-04-28 00:25:31,135 - INFO - Processing 1 rows
2026-04-28 00:25:31,148 - INFO - Assigned label: Moderate Pollution
2026-04-28 00:25:31,153 - INFO - Inserted 1 rows
2026-04-28 00:25:31,424 - INFO - Plots updated
2026-04-28 00:26:31,428 - INFO - Processing 1 rows
2026-04-28 00:26:31,443 - INFO - Assigned label: Moderate Pollution
2026-04-28 00:26:31,449 - INFO - Inserted 1 rows
2026-04-28 00:26:31,690 - INFO - Plots updated
2026-04-28 00:27:31,695 - INFO - Processing 1 rows
2026-04-28 00:27:31,709 - INFO - Assigned label: Moderate Pollution
2026-04-28 00:27:31,714 - INFO - Inserted 1 rows
2026-04-28 00:27:31,944 - INFO - Plots updated
2026-04-28 00:28:31,952 - INFO - Processing 1 rows
2026-04-28 00:28:31,966 - INFO - Assigned label: Moderate Pollution
2026-04-28 00:28:31,970 - INFO - Inserted 1 rows
2026-04-28 00:28:32,292 - INFO - Plots updated
2026-04-28 00:29:32,297 - INFO - Processing 1 rows
2026-04-28 00:29:32,309 - INFO - Assigned label: Moderate Pollution
2026-04-28 00:29:32,314 - INFO - Inserted 1 rows
2026-04-28 00:29:32,551 - INFO - Plots updated
2026-04-28 00:30:32,560 - INFO - Processing 1 rows
2026-04-28 00:30:32,586 - INFO - Assigned label: Moderate Pollution
2026-04-28 00:30:32,593 - INFO - Inserted 1 rows
2026-04-28 00:30:33,185 - INFO - Plots updated
2026-04-28 00:31:33,190 - INFO - Processing 1 rows
2026-04-28 00:31:33,204 - INFO - Assigned label: Moderate Pollution
2026-04-28 00:31:33,208 - INFO - Inserted 1 rows
2026-04-28 00:31:33,675 - INFO - Plots updated
2026-04-28 00:32:33,681 - INFO - Processing 1 rows
2026-04-28 00:32:33,693 - INFO - Assigned label: Moderate Pollution
2026-04-28 00:32:33,697 - INFO - Inserted 1 rows
2026-04-28 00:32:33,959 - INFO - Plots updated
2026-04-28 00:33:33,965 - INFO - Processing 1 rows
2026-04-28 00:33:33,985 - INFO - Assigned label: Moderate Pollution
2026-04-28 00:33:33,991 - INFO - Inserted 1 rows
2026-04-28 00:33:34,287 - INFO - Plots updated
2026-04-28 00:34:34,293 - INFO - Processing 1 rows
2026-04-28 00:34:34,307 - INFO - Assigned label: Moderate Pollution
2026-04-28 00:34:34,312 - INFO - Inserted 1 rows
2026-04-28 00:34:34,566 - INFO - Plots updated
2026-04-28 00:35:34,571 - INFO - Processing 1 rows
2026-04-28 00:35:34,585 - INFO - Assigned label: Moderate Pollution
2026-04-28 00:35:34,589 - INFO - Inserted 1 rows
2026-04-28 00:35:34,839 - INFO - Plots updated
2026-04-28 00:36:34,844 - INFO - Processing 1 rows
2026-04-28 00:36:34,858 - INFO - Assigned label: Moderate Pollution
2026-04-28 00:36:34,862 - INFO - Inserted 1 rows
2026-04-28 00:36:35,115 - INFO - Plots updated
2026-04-28 00:37:35,120 - INFO - Processing 1 rows
2026-04-28 00:37:35,134 - INFO - Assigned label: Moderate Pollution
2026-04-28 00:37:35,139 - INFO - Inserted 1 rows
2026-04-28 00:37:35,383 - INFO - Plots updated
2026-04-28 00:38:35,388 - INFO - Processing 1 rows
2026-04-28 00:38:35,404 - INFO - Assigned label: Moderate Pollution
2026-04-28 00:38:35,409 - INFO - Inserted 1 rows
2026-04-28 00:38:35,662 - INFO - Plots updated
2026-04-28 00:39:35,672 - INFO - Processing 1 rows
2026-04-28 00:39:35,703 - INFO - Assigned label: Moderate Pollution
2026-04-28 00:39:35,713 - INFO - Inserted 1 rows
2026-04-28 00:39:36,135 - INFO - Plots updated
2026-04-28 00:40:36,146 - INFO - Processing 1 rows
2026-04-28 00:40:36,179 - INFO - Assigned label: Moderate Pollution
2026-04-28 00:40:36,188 - INFO - Inserted 1 rows
2026-04-28 00:40:36,867 - INFO - Plots updated
2026-04-28 00:41:36,872 - INFO - Processing 1 rows
2026-04-28 00:41:36,886 - INFO - Assigned label: Moderate Pollution
2026-04-28 00:41:36,892 - INFO - Inserted 1 rows
2026-04-28 00:41:37,126 - INFO - Plots updated
2026-04-28 00:42:37,135 - INFO - Processing 1 rows
2026-04-28 00:42:37,150 - INFO - Assigned label: Moderate Pollution
2026-04-28 00:42:37,155 - INFO - Inserted 1 rows
2026-04-28 00:42:37,402 - INFO - Plots updated
2026-04-28 00:43:37,408 - INFO - Processing 1 rows
2026-04-28 00:43:37,421 - INFO - Assigned label: Moderate Pollution
2026-04-28 00:43:37,425 - INFO - Inserted 1 rows
2026-04-28 00:43:37,661 - INFO - Plots updated
2026-04-28 00:44:37,670 - INFO - Processing 1 rows
2026-04-28 00:44:37,698 - INFO - Assigned label: Moderate Pollution
2026-04-28 00:44:37,707 - INFO - Inserted 1 rows
2026-04-28 00:44:38,249 - INFO - Plots updated
2026-04-28 00:45:38,254 - INFO - Processing 1 rows
2026-04-28 00:45:38,265 - INFO - Assigned label: Moderate Pollution
2026-04-28 00:45:38,269 - INFO - Inserted 1 rows
2026-04-28 00:45:38,492 - INFO - Plots updated
2026-04-28 00:46:38,497 - INFO - Processing 1 rows
2026-04-28 00:46:38,511 - INFO - Assigned label: Moderate Pollution
2026-04-28 00:46:38,516 - INFO - Inserted 1 rows
2026-04-28 00:46:38,926 - INFO - Plots updated
2026-04-28 00:47:38,937 - INFO - Processing 1 rows
2026-04-28 00:47:38,969 - INFO - Assigned label: Moderate Pollution
2026-04-28 00:47:38,980 - INFO - Inserted 1 rows
2026-04-28 00:47:39,585 - INFO - Plots updated
2026-04-28 00:48:39,596 - INFO - Processing 1 rows
2026-04-28 00:48:39,628 - INFO - Assigned label: Moderate Pollution
2026-04-28 00:48:39,637 - INFO - Inserted 1 rows
2026-04-28 00:48:40,180 - INFO - Plots updated
2026-04-28 00:49:40,189 - INFO - Processing 1 rows
2026-04-28 00:49:40,222 - INFO - Assigned label: Moderate Pollution
2026-04-28 00:49:40,232 - INFO - Inserted 1 rows
2026-04-28 00:49:41,294 - INFO - Plots updated
2026-04-28 00:50:41,303 - INFO - Processing 1 rows
2026-04-28 00:50:41,335 - INFO - Assigned label: Moderate Pollution
2026-04-28 00:50:41,346 - INFO - Inserted 1 rows
2026-04-28 00:50:41,935 - INFO - Plots updated
2026-04-28 00:51:41,945 - INFO - Processing 1 rows
2026-04-28 00:51:41,971 - INFO - Assigned label: Moderate Pollution
2026-04-28 00:51:41,980 - INFO - Inserted 1 rows
2026-04-28 00:51:42,544 - INFO - Plots updated
2026-04-28 00:52:42,549 - INFO - Processing 1 rows
2026-04-28 00:52:42,561 - INFO - Assigned label: Unhealthy Air
2026-04-28 00:52:42,566 - INFO - Inserted 1 rows
2026-04-28 00:52:42,790 - INFO - Plots updated
2026-04-28 00:53:42,801 - INFO - Processing 1 rows
2026-04-28 00:53:42,830 - INFO - Assigned label: Moderate Pollution
2026-04-28 00:53:42,839 - INFO - Inserted 1 rows
2026-04-28 00:53:43,390 - INFO - Plots updated
2026-04-28 00:54:43,401 - INFO - Processing 1 rows
2026-04-28 00:54:43,429 - INFO - Assigned label: Moderate Pollution
2026-04-28 00:54:43,439 - INFO - Inserted 1 rows
2026-04-28 00:54:43,998 - INFO - Plots updated
2026-04-28 00:55:44,009 - INFO - Processing 1 rows
2026-04-28 00:55:44,045 - INFO - Assigned label: Moderate Pollution
2026-04-28 00:55:44,054 - INFO - Inserted 1 rows
2026-04-28 00:55:44,589 - INFO - Plots updated
2026-04-28 00:56:44,608 - INFO - Processing 1 rows
2026-04-28 00:56:44,651 - INFO - Assigned label: Better Air
2026-04-28 00:56:44,663 - INFO - Inserted 1 rows
2026-04-28 00:56:45,111 - INFO - Plots updated
2026-04-28 00:57:45,119 - INFO - Processing 1 rows
2026-04-28 00:57:45,148 - INFO - Assigned label: Better Air
2026-04-28 00:57:45,158 - INFO - Inserted 1 rows
2026-04-28 00:57:45,752 - INFO - Plots updated
2026-04-28 00:58:45,763 - INFO - Processing 1 rows
2026-04-28 00:58:45,802 - INFO - Assigned label: Unhealthy Air
2026-04-28 00:58:45,812 - INFO - Inserted 1 rows
2026-04-28 00:58:46,420 - INFO - Plots updated
2026-04-28 00:59:46,430 - INFO - Processing 1 rows
2026-04-28 00:59:47,015 - INFO - Assigned label: Unhealthy Air
2026-04-28 00:59:47,024 - INFO - Inserted 1 rows
2026-04-28 00:59:47,463 - INFO - Plots updated
2026-04-28 01:00:47,468 - INFO - Processing 1 rows
2026-04-28 01:00:47,484 - INFO - Assigned label: Unhealthy Air
2026-04-28 01:00:47,488 - INFO - Inserted 1 rows
2026-04-28 01:00:47,708 - INFO - Plots updated
2026-04-28 01:01:47,719 - INFO - Processing 1 rows
2026-04-28 01:01:47,746 - INFO - Assigned label: Unhealthy Air
2026-04-28 01:01:47,755 - INFO - Inserted 1 rows
2026-04-28 01:01:48,174 - INFO - Plots updated
2026-04-28 01:02:48,185 - INFO - Processing 1 rows
2026-04-28 01:02:48,220 - INFO - Assigned label: Unhealthy Air
2026-04-28 01:02:48,230 - INFO - Inserted 1 rows
2026-04-28 01:02:48,804 - INFO - Plots updated
2026-04-28 01:03:48,809 - INFO - Processing 1 rows
2026-04-28 01:03:48,824 - INFO - Assigned label: Unhealthy Air
2026-04-28 01:03:48,829 - INFO - Inserted 1 rows
2026-04-28 01:03:49,062 - INFO - Plots updated
2026-04-28 01:04:49,070 - INFO - Processing 1 rows
2026-04-28 01:04:49,101 - INFO - Assigned label: Unhealthy Air
2026-04-28 01:04:49,111 - INFO - Inserted 1 rows
2026-04-28 01:04:49,705 - INFO - Plots updated
2026-04-28 01:05:49,715 - INFO - Processing 1 rows
2026-04-28 01:05:49,744 - INFO - Assigned label: Unhealthy Air
2026-04-28 01:05:49,754 - INFO - Inserted 1 rows
2026-04-28 01:05:50,307 - INFO - Plots updated
2026-04-28 01:06:50,318 - INFO - Processing 1 rows
2026-04-28 01:06:50,352 - INFO - Assigned label: Unhealthy Air
2026-04-28 01:06:50,362 - INFO - Inserted 1 rows
2026-04-28 01:06:50,786 - INFO - Plots updated
2026-04-28 01:07:50,795 - INFO - Processing 1 rows
2026-04-28 01:07:50,824 - INFO - Assigned label: Unhealthy Air
2026-04-28 01:07:50,835 - INFO - Inserted 1 rows
2026-04-28 01:07:51,883 - INFO - Plots updated
2026-04-28 01:08:51,888 - INFO - Processing 1 rows
2026-04-28 01:08:51,903 - INFO - Assigned label: Unhealthy Air
2026-04-28 01:08:51,908 - INFO - Inserted 1 rows
2026-04-28 01:08:52,161 - INFO - Plots updated
2026-04-28 01:09:52,166 - INFO - Processing 1 rows
2026-04-28 01:09:52,182 - INFO - Assigned label: Unhealthy Air
2026-04-28 01:09:52,187 - INFO - Inserted 1 rows
2026-04-28 01:09:52,443 - INFO - Plots updated
2026-04-28 01:10:52,453 - INFO - Processing 1 rows
2026-04-28 01:10:52,483 - INFO - Assigned label: Unhealthy Air
2026-04-28 01:10:52,492 - INFO - Inserted 1 rows
2026-04-28 01:10:53,040 - INFO - Plots updated
2026-04-28 01:11:53,044 - INFO - Processing 1 rows
2026-04-28 01:11:53,056 - INFO - Assigned label: Unhealthy Air
2026-04-28 01:11:53,061 - INFO - Inserted 1 rows
2026-04-28 01:11:53,304 - INFO - Plots updated
2026-04-28 01:12:53,309 - INFO - Processing 1 rows
2026-04-28 01:12:53,324 - INFO - Assigned label: Unhealthy Air
2026-04-28 01:12:53,329 - INFO - Inserted 1 rows
2026-04-28 01:12:53,573 - INFO - Plots updated
2026-04-28 01:13:53,594 - INFO - Processing 1 rows
2026-04-28 01:13:53,633 - INFO - Assigned label: Unhealthy Air
2026-04-28 01:13:53,642 - INFO - Inserted 1 rows
2026-04-28 01:13:54,191 - INFO - Plots updated
2026-04-28 01:14:54,201 - INFO - Processing 1 rows
2026-04-28 01:14:54,230 - INFO - Assigned label: Unhealthy Air
2026-04-28 01:14:54,237 - INFO - Inserted 1 rows
2026-04-28 01:14:54,793 - INFO - Plots updated
2026-04-28 01:15:54,804 - INFO - Processing 1 rows
2026-04-28 01:15:54,838 - INFO - Assigned label: Unhealthy Air
2026-04-28 01:15:54,847 - INFO - Inserted 1 rows
2026-04-28 01:15:55,417 - INFO - Plots updated
2026-04-28 01:16:55,425 - INFO - Processing 1 rows
2026-04-28 01:16:55,454 - INFO - Assigned label: Unhealthy Air
2026-04-28 01:16:55,465 - INFO - Inserted 1 rows
2026-04-28 01:16:55,986 - INFO - Plots updated
2026-04-28 01:17:55,996 - INFO - Processing 1 rows
2026-04-28 01:17:56,028 - INFO - Assigned label: Unhealthy Air
2026-04-28 01:17:56,037 - INFO - Inserted 1 rows
2026-04-28 01:17:56,815 - INFO - Plots updated
2026-04-28 01:18:56,820 - INFO - Processing 1 rows
2026-04-28 01:18:56,832 - INFO - Assigned label: Unhealthy Air
2026-04-28 01:18:56,835 - INFO - Inserted 1 rows
2026-04-28 01:18:57,073 - INFO - Plots updated
2026-04-28 01:19:57,084 - INFO - Processing 1 rows
2026-04-28 01:19:57,116 - INFO - Assigned label: Unhealthy Air
2026-04-28 01:19:57,127 - INFO - Inserted 1 rows
2026-04-28 01:19:57,678 - INFO - Plots updated
2026-04-28 01:20:57,691 - INFO - Processing 1 rows
2026-04-28 01:20:57,728 - INFO - Assigned label: Unhealthy Air
2026-04-28 01:20:57,737 - INFO - Inserted 1 rows
2026-04-28 01:20:58,418 - INFO - Plots updated
2026-04-28 01:21:58,432 - INFO - Processing 1 rows
2026-04-28 01:21:58,466 - INFO - Assigned label: Unhealthy Air
2026-04-28 01:21:58,476 - INFO - Inserted 1 rows
2026-04-28 01:21:58,911 - INFO - Plots updated
2026-04-28 01:22:58,921 - INFO - Processing 1 rows
2026-04-28 01:22:58,958 - INFO - Assigned label: Unhealthy Air
2026-04-28 01:22:58,968 - INFO - Inserted 1 rows
2026-04-28 01:22:59,525 - INFO - Plots updated
2026-04-28 01:23:59,535 - INFO - Processing 1 rows
2026-04-28 01:23:59,578 - INFO - Assigned label: Unhealthy Air
2026-04-28 01:23:59,587 - INFO - Inserted 1 rows
2026-04-28 01:24:00,206 - INFO - Plots updated
2026-04-28 01:25:00,216 - INFO - Processing 1 rows
2026-04-28 01:25:00,247 - INFO - Assigned label: Unhealthy Air
2026-04-28 01:25:00,258 - INFO - Inserted 1 rows
2026-04-28 01:25:00,882 - INFO - Plots updated
2026-04-28 01:26:00,893 - INFO - Processing 1 rows
2026-04-28 01:26:00,929 - INFO - Assigned label: Unhealthy Air
2026-04-28 01:26:00,940 - INFO - Inserted 1 rows
2026-04-28 01:26:02,136 - INFO - Plots updated
2026-04-28 01:27:02,143 - INFO - Processing 1 rows
2026-04-28 01:27:02,161 - INFO - Assigned label: Unhealthy Air
2026-04-28 01:27:02,167 - INFO - Inserted 1 rows
2026-04-28 01:27:02,454 - INFO - Plots updated
2026-04-28 01:28:02,460 - INFO - Processing 1 rows
2026-04-28 01:28:02,477 - INFO - Assigned label: Unhealthy Air
2026-04-28 01:28:02,482 - INFO - Inserted 1 rows
2026-04-28 01:28:02,774 - INFO - Plots updated
2026-04-28 01:29:02,784 - INFO - Processing 1 rows
2026-04-28 01:29:02,829 - INFO - Assigned label: Unhealthy Air
2026-04-28 01:29:02,842 - INFO - Inserted 1 rows
2026-04-28 01:29:03,293 - INFO - Plots updated
2026-04-28 01:30:03,341 - INFO - Processing 1 rows
2026-04-28 01:30:03,453 - INFO - Assigned label: Unhealthy Air
2026-04-28 01:30:03,481 - INFO - Inserted 1 rows
2026-04-28 01:30:05,649 - INFO - Plots updated
2026-04-28 01:31:05,655 - INFO - Processing 1 rows
2026-04-28 01:31:05,687 - INFO - Assigned label: Unhealthy Air
2026-04-28 01:31:05,698 - INFO - Inserted 1 rows
2026-04-28 01:31:06,299 - INFO - Plots updated
2026-04-28 01:32:06,309 - INFO - Processing 1 rows
2026-04-28 01:32:06,341 - INFO - Assigned label: Unhealthy Air
2026-04-28 01:32:06,351 - INFO - Inserted 1 rows
2026-04-28 01:32:06,954 - INFO - Plots updated
2026-04-28 01:33:06,959 - INFO - Processing 1 rows
2026-04-28 01:33:06,972 - INFO - Assigned label: Unhealthy Air
2026-04-28 01:33:06,977 - INFO - Inserted 1 rows
2026-04-28 01:33:07,219 - INFO - Plots updated
2026-04-28 01:34:07,225 - INFO - Processing 1 rows
2026-04-28 01:34:07,241 - INFO - Assigned label: Unhealthy Air
2026-04-28 01:34:07,245 - INFO - Inserted 1 rows
2026-04-28 01:34:07,511 - INFO - Plots updated
2026-04-28 01:35:07,516 - INFO - Processing 1 rows
2026-04-28 01:35:07,529 - INFO - Assigned label: Unhealthy Air
2026-04-28 01:35:07,534 - INFO - Inserted 1 rows
2026-04-28 01:35:08,036 - INFO - Plots updated
2026-04-28 01:36:08,041 - INFO - Processing 1 rows
2026-04-28 01:36:08,055 - INFO - Assigned label: Unhealthy Air
2026-04-28 01:36:08,060 - INFO - Inserted 1 rows
2026-04-28 01:36:08,295 - INFO - Plots updated
2026-04-28 01:37:08,300 - INFO - Processing 1 rows
2026-04-28 01:37:08,313 - INFO - Assigned label: Unhealthy Air
2026-04-28 01:37:08,318 - INFO - Inserted 1 rows
2026-04-28 01:37:08,595 - INFO - Plots updated
2026-04-28 01:38:08,601 - INFO - Processing 1 rows
2026-04-28 01:38:08,615 - INFO - Assigned label: Unhealthy Air
2026-04-28 01:38:08,620 - INFO - Inserted 1 rows
2026-04-28 01:38:08,865 - INFO - Plots updated
2026-04-28 01:39:08,871 - INFO - Processing 1 rows
2026-04-28 01:39:08,888 - INFO - Assigned label: Unhealthy Air
2026-04-28 01:39:08,894 - INFO - Inserted 1 rows
2026-04-28 01:39:09,174 - INFO - Plots updated
2026-04-28 01:40:09,179 - INFO - Processing 1 rows
2026-04-28 01:40:09,195 - INFO - Assigned label: Unhealthy Air
2026-04-28 01:40:09,202 - INFO - Inserted 1 rows
2026-04-28 01:40:09,483 - INFO - Plots updated
2026-04-28 01:41:09,492 - INFO - Processing 1 rows
2026-04-28 01:41:09,526 - INFO - Assigned label: Unhealthy Air
2026-04-28 01:41:09,535 - INFO - Inserted 1 rows
2026-04-28 01:41:10,108 - INFO - Plots updated
2026-04-28 01:42:10,113 - INFO - Processing 1 rows
2026-04-28 01:42:10,126 - INFO - Assigned label: Unhealthy Air
2026-04-28 01:42:10,131 - INFO - Inserted 1 rows
2026-04-28 01:42:10,391 - INFO - Plots updated
2026-04-28 01:43:10,400 - INFO - Processing 1 rows
2026-04-28 01:43:10,426 - INFO - Assigned label: Unhealthy Air
2026-04-28 01:43:10,435 - INFO - Inserted 1 rows
2026-04-28 01:43:10,838 - INFO - Plots updated
2026-04-28 01:44:10,847 - INFO - Processing 2 rows
2026-04-28 01:44:10,871 - INFO - Assigned label: Unhealthy Air
2026-04-28 01:44:10,880 - INFO - Inserted 2 rows
2026-04-28 01:44:11,636 - INFO - Plots updated
2026-04-28 01:45:11,641 - INFO - Processing 1 rows
2026-04-28 01:45:11,657 - INFO - Assigned label: Unhealthy Air
2026-04-28 01:45:11,661 - INFO - Inserted 1 rows
2026-04-28 01:45:11,887 - INFO - Plots updated
2026-04-28 01:46:11,896 - INFO - Processing 1 rows
2026-04-28 01:46:11,925 - INFO - Assigned label: Unhealthy Air
2026-04-28 01:46:11,934 - INFO - Inserted 1 rows
2026-04-28 01:46:12,484 - INFO - Plots updated
2026-04-28 01:47:12,494 - INFO - Processing 1 rows
2026-04-28 01:47:12,524 - INFO - Assigned label: Unhealthy Air
2026-04-28 01:47:12,534 - INFO - Inserted 1 rows
2026-04-28 01:47:12,806 - INFO - Plots updated
2026-04-28 01:48:12,816 - INFO - Processing 1 rows
2026-04-28 01:48:12,840 - INFO - Assigned label: Unhealthy Air
2026-04-28 01:48:12,850 - INFO - Inserted 1 rows
2026-04-28 01:48:13,377 - INFO - Plots updated
2026-04-28 01:49:13,386 - INFO - Processing 1 rows
2026-04-28 01:49:13,429 - INFO - Assigned label: Unhealthy Air
2026-04-28 01:49:13,439 - INFO - Inserted 1 rows
2026-04-28 01:49:13,993 - INFO - Plots updated
2026-04-28 01:50:14,003 - INFO - Processing 1 rows
2026-04-28 01:50:14,032 - INFO - Assigned label: Unhealthy Air
2026-04-28 01:50:14,040 - INFO - Inserted 1 rows
2026-04-28 01:50:14,602 - INFO - Plots updated
2026-04-28 01:51:14,612 - INFO - Processing 1 rows
2026-04-28 01:51:14,642 - INFO - Assigned label: Unhealthy Air
2026-04-28 01:51:14,650 - INFO - Inserted 1 rows
2026-04-28 01:51:15,232 - INFO - Plots updated
2026-04-28 01:52:15,242 - INFO - Processing 1 rows
2026-04-28 01:52:15,279 - INFO - Assigned label: Unhealthy Air
2026-04-28 01:52:15,288 - INFO - Inserted 1 rows
2026-04-28 01:52:15,863 - INFO - Plots updated
2026-04-28 01:53:15,875 - INFO - Processing 1 rows
2026-04-28 01:53:15,911 - INFO - Assigned label: Unhealthy Air
2026-04-28 01:53:15,920 - INFO - Inserted 1 rows
2026-04-28 01:53:16,403 - INFO - Plots updated
2026-04-28 01:54:16,413 - INFO - Processing 1 rows
2026-04-28 01:54:16,445 - INFO - Assigned label: Unhealthy Air
2026-04-28 01:54:16,455 - INFO - Inserted 1 rows
2026-04-28 01:54:17,496 - INFO - Plots updated
2026-04-28 01:55:17,502 - INFO - Processing 1 rows
2026-04-28 01:55:17,518 - INFO - Assigned label: Unhealthy Air
2026-04-28 01:55:17,523 - INFO - Inserted 1 rows
2026-04-28 01:55:17,784 - INFO - Plots updated
2026-04-28 01:56:17,793 - INFO - Processing 1 rows
2026-04-28 01:56:17,820 - INFO - Assigned label: Unhealthy Air
2026-04-28 01:56:17,830 - INFO - Inserted 1 rows
2026-04-28 01:56:18,371 - INFO - Plots updated
2026-04-28 01:57:18,377 - INFO - Processing 1 rows
2026-04-28 01:57:18,394 - INFO - Assigned label: Unhealthy Air
2026-04-28 01:57:18,400 - INFO - Inserted 1 rows
2026-04-28 01:57:18,653 - INFO - Plots updated
2026-04-28 01:58:18,663 - INFO - Processing 1 rows
2026-04-28 01:58:18,693 - INFO - Assigned label: Unhealthy Air
2026-04-28 01:58:18,702 - INFO - Inserted 1 rows
2026-04-28 01:58:19,294 - INFO - Plots updated
2026-04-28 01:59:19,304 - INFO - Processing 1 rows
2026-04-28 01:59:19,333 - INFO - Assigned label: Unhealthy Air
2026-04-28 01:59:19,345 - INFO - Inserted 1 rows
2026-04-28 01:59:19,936 - INFO - Plots updated
2026-04-28 02:00:19,947 - INFO - Processing 1 rows
2026-04-28 02:00:19,983 - INFO - Assigned label: Unhealthy Air
2026-04-28 02:00:19,995 - INFO - Inserted 1 rows
2026-04-28 02:00:20,997 - INFO - Plots updated
2026-04-28 02:01:21,009 - INFO - Processing 1 rows
2026-04-28 02:01:21,056 - INFO - Assigned label: Unhealthy Air
2026-04-28 02:01:21,070 - INFO - Inserted 1 rows
2026-04-28 02:01:21,735 - INFO - Plots updated
2026-04-28 02:02:21,744 - INFO - Processing 1 rows
2026-04-28 02:02:21,772 - INFO - Assigned label: Unhealthy Air
2026-04-28 02:02:21,779 - INFO - Inserted 1 rows
2026-04-28 02:02:22,062 - INFO - Plots updated
2026-04-28 02:03:22,068 - INFO - Processing 1 rows
2026-04-28 02:03:22,085 - INFO - Assigned label: Unhealthy Air
2026-04-28 02:03:22,091 - INFO - Inserted 1 rows
2026-04-28 02:03:22,353 - INFO - Plots updated
2026-04-28 02:04:22,360 - INFO - Processing 1 rows
2026-04-28 02:04:22,381 - INFO - Assigned label: Unhealthy Air
2026-04-28 02:04:22,387 - INFO - Inserted 1 rows
2026-04-28 02:04:22,927 - INFO - Plots updated
2026-04-28 02:05:22,932 - INFO - Processing 1 rows
2026-04-28 02:05:22,945 - INFO - Assigned label: Unhealthy Air
2026-04-28 02:05:22,950 - INFO - Inserted 1 rows
2026-04-28 02:05:23,211 - INFO - Plots updated
2026-04-28 02:06:23,221 - INFO - Processing 1 rows
2026-04-28 02:06:23,258 - INFO - Assigned label: Unhealthy Air
2026-04-28 02:06:23,268 - INFO - Inserted 1 rows
2026-04-28 02:06:23,858 - INFO - Plots updated
2026-04-28 02:07:23,868 - INFO - Processing 1 rows
2026-04-28 02:07:23,898 - INFO - Assigned label: Unhealthy Air
2026-04-28 02:07:23,907 - INFO - Inserted 1 rows
2026-04-28 02:07:24,565 - INFO - Plots updated
2026-04-28 02:08:24,576 - INFO - Processing 1 rows
2026-04-28 02:08:24,612 - INFO - Assigned label: Unhealthy Air
2026-04-28 02:08:24,621 - INFO - Inserted 1 rows
2026-04-28 02:08:25,287 - INFO - Plots updated
2026-04-28 02:09:25,292 - INFO - Processing 1 rows
2026-04-28 02:09:25,307 - INFO - Assigned label: Unhealthy Air
2026-04-28 02:09:25,312 - INFO - Inserted 1 rows
2026-04-28 02:09:25,573 - INFO - Plots updated
2026-04-28 02:10:25,579 - INFO - Processing 1 rows
2026-04-28 02:10:25,594 - INFO - Assigned label: Unhealthy Air
2026-04-28 02:10:25,600 - INFO - Inserted 1 rows
2026-04-28 02:10:25,893 - INFO - Plots updated
2026-04-28 02:11:25,897 - INFO - Processing 1 rows
2026-04-28 02:11:25,908 - INFO - Assigned label: Unhealthy Air
2026-04-28 02:11:25,912 - INFO - Inserted 1 rows
2026-04-28 02:11:26,140 - INFO - Plots updated
2026-04-28 02:12:26,150 - INFO - Processing 1 rows
2026-04-28 02:12:26,181 - INFO - Assigned label: Unhealthy Air
2026-04-28 02:12:26,192 - INFO - Inserted 1 rows
2026-04-28 02:12:26,703 - INFO - Plots updated
2026-04-28 02:13:26,714 - INFO - Processing 1 rows
2026-04-28 02:13:26,744 - INFO - Assigned label: Unhealthy Air
2026-04-28 02:13:26,756 - INFO - Inserted 1 rows
2026-04-28 02:13:27,858 - INFO - Plots updated
2026-04-28 02:14:27,863 - INFO - Processing 1 rows
2026-04-28 02:14:27,876 - INFO - Assigned label: Unhealthy Air
2026-04-28 02:14:27,881 - INFO - Inserted 1 rows
2026-04-28 02:14:28,124 - INFO - Plots updated
2026-04-28 02:15:28,129 - INFO - Processing 1 rows
2026-04-28 02:15:28,141 - INFO - Assigned label: Moderate Pollution
2026-04-28 02:15:28,146 - INFO - Inserted 1 rows
2026-04-28 02:15:28,402 - INFO - Plots updated
2026-04-28 02:16:28,407 - INFO - Processing 1 rows
2026-04-28 02:16:28,427 - INFO - Assigned label: Unhealthy Air
2026-04-28 02:16:28,432 - INFO - Inserted 1 rows
2026-04-28 02:16:28,680 - INFO - Plots updated
2026-04-28 02:17:28,685 - INFO - Processing 1 rows
2026-04-28 02:17:28,699 - INFO - Assigned label: Unhealthy Air
2026-04-28 02:17:28,704 - INFO - Inserted 1 rows
2026-04-28 02:17:28,947 - INFO - Plots updated
2026-04-28 02:18:28,951 - INFO - Processing 1 rows
2026-04-28 02:18:28,963 - INFO - Assigned label: Moderate Pollution
2026-04-28 02:18:28,968 - INFO - Inserted 1 rows
2026-04-28 02:18:29,199 - INFO - Plots updated
2026-04-28 02:19:29,204 - INFO - Processing 1 rows
2026-04-28 02:19:29,223 - INFO - Assigned label: Moderate Pollution
2026-04-28 02:19:29,228 - INFO - Inserted 1 rows
2026-04-28 02:19:29,475 - INFO - Plots updated
2026-04-28 02:20:29,480 - INFO - Processing 1 rows
2026-04-28 02:20:29,492 - INFO - Assigned label: Moderate Pollution
2026-04-28 02:20:29,496 - INFO - Inserted 1 rows
2026-04-28 02:20:29,749 - INFO - Plots updated
2026-04-28 02:21:29,755 - INFO - Processing 1 rows
2026-04-28 02:21:29,770 - INFO - Assigned label: Moderate Pollution
2026-04-28 02:21:29,775 - INFO - Inserted 1 rows
2026-04-28 02:21:30,024 - INFO - Plots updated
2026-04-28 02:22:30,029 - INFO - Processing 1 rows
2026-04-28 02:22:30,046 - INFO - Assigned label: Moderate Pollution
2026-04-28 02:22:30,050 - INFO - Inserted 1 rows
2026-04-28 02:22:30,277 - INFO - Plots updated
2026-04-28 02:23:30,282 - INFO - Processing 1 rows
2026-04-28 02:23:30,295 - INFO - Assigned label: Moderate Pollution
2026-04-28 02:23:30,299 - INFO - Inserted 1 rows
2026-04-28 02:23:30,757 - INFO - Plots updated
2026-04-28 02:24:30,768 - INFO - Processing 1 rows
2026-04-28 02:24:30,799 - INFO - Assigned label: Moderate Pollution
2026-04-28 02:24:30,808 - INFO - Inserted 1 rows
2026-04-28 02:24:31,371 - INFO - Plots updated
2026-04-28 02:25:31,376 - INFO - Processing 1 rows
2026-04-28 02:25:31,388 - INFO - Assigned label: Moderate Pollution
2026-04-28 02:25:31,394 - INFO - Inserted 1 rows
2026-04-28 02:25:31,650 - INFO - Plots updated
2026-04-28 02:26:31,655 - INFO - Processing 1 rows
2026-04-28 02:26:31,671 - INFO - Assigned label: Moderate Pollution
2026-04-28 02:26:31,676 - INFO - Inserted 1 rows
2026-04-28 02:26:31,950 - INFO - Plots updated
2026-04-28 02:27:31,957 - INFO - Processing 1 rows
2026-04-28 02:27:31,973 - INFO - Assigned label: Moderate Pollution
2026-04-28 02:27:31,977 - INFO - Inserted 1 rows
2026-04-28 02:27:32,217 - INFO - Plots updated
2026-04-28 02:28:32,222 - INFO - Processing 1 rows
2026-04-28 02:28:32,238 - INFO - Assigned label: Moderate Pollution
2026-04-28 02:28:32,242 - INFO - Inserted 1 rows
2026-04-28 02:28:32,471 - INFO - Plots updated
2026-04-28 02:29:32,475 - INFO - Processing 1 rows
2026-04-28 02:29:32,492 - INFO - Assigned label: Moderate Pollution
2026-04-28 02:29:32,498 - INFO - Inserted 1 rows
2026-04-28 02:29:32,752 - INFO - Plots updated
2026-04-28 02:30:32,756 - INFO - Processing 1 rows
2026-04-28 02:30:32,772 - INFO - Assigned label: Moderate Pollution
2026-04-28 02:30:32,777 - INFO - Inserted 1 rows
2026-04-28 02:30:33,103 - INFO - Plots updated
2026-04-28 02:31:33,107 - INFO - Processing 1 rows
2026-04-28 02:31:33,121 - INFO - Assigned label: Moderate Pollution
2026-04-28 02:31:33,126 - INFO - Inserted 1 rows
2026-04-28 02:31:33,377 - INFO - Plots updated
2026-04-28 02:32:33,382 - INFO - Processing 1 rows
2026-04-28 02:32:33,393 - INFO - Assigned label: Moderate Pollution
2026-04-28 02:32:33,397 - INFO - Inserted 1 rows
2026-04-28 02:32:33,648 - INFO - Plots updated
2026-04-28 02:33:33,653 - INFO - Processing 1 rows
2026-04-28 02:33:33,666 - INFO - Assigned label: Moderate Pollution
2026-04-28 02:33:33,670 - INFO - Inserted 1 rows
2026-04-28 02:33:33,897 - INFO - Plots updated
2026-04-28 02:34:33,905 - INFO - Processing 1 rows
2026-04-28 02:34:33,920 - INFO - Assigned label: Moderate Pollution
2026-04-28 02:34:33,926 - INFO - Inserted 1 rows
2026-04-28 02:34:34,456 - INFO - Plots updated
2026-04-28 02:35:34,471 - INFO - Processing 1 rows
2026-04-28 02:35:34,519 - INFO - Assigned label: Moderate Pollution
2026-04-28 02:35:34,534 - INFO - Inserted 1 rows
2026-04-28 02:35:35,442 - INFO - Plots updated
2026-04-28 02:36:35,461 - INFO - Processing 1 rows
2026-04-28 02:36:35,526 - INFO - Assigned label: Moderate Pollution
2026-04-28 02:36:35,554 - INFO - Inserted 1 rows
2026-04-28 02:36:36,383 - INFO - Plots updated
2026-04-28 02:37:36,389 - INFO - Processing 1 rows
2026-04-28 02:37:36,407 - INFO - Assigned label: Moderate Pollution
2026-04-28 02:37:36,413 - INFO - Inserted 1 rows
2026-04-28 02:37:36,696 - INFO - Plots updated
2026-04-28 02:38:36,701 - INFO - Processing 1 rows
2026-04-28 02:38:36,713 - INFO - Assigned label: Moderate Pollution
2026-04-28 02:38:36,718 - INFO - Inserted 1 rows
2026-04-28 02:38:36,970 - INFO - Plots updated
2026-04-28 02:39:36,975 - INFO - Processing 1 rows
2026-04-28 02:39:36,989 - INFO - Assigned label: Moderate Pollution
2026-04-28 02:39:36,993 - INFO - Inserted 1 rows
2026-04-28 02:39:37,247 - INFO - Plots updated
2026-04-28 02:40:37,253 - INFO - Processing 1 rows
2026-04-28 02:40:37,270 - INFO - Assigned label: Moderate Pollution
2026-04-28 02:40:37,275 - INFO - Inserted 1 rows
2026-04-28 02:40:37,551 - INFO - Plots updated
2026-04-28 02:41:37,556 - INFO - Processing 1 rows
2026-04-28 02:41:37,569 - INFO - Assigned label: Moderate Pollution
2026-04-28 02:41:37,573 - INFO - Inserted 1 rows
2026-04-28 02:41:37,817 - INFO - Plots updated
2026-04-28 02:42:37,822 - INFO - Processing 1 rows
2026-04-28 02:42:37,843 - INFO - Assigned label: Moderate Pollution
2026-04-28 02:42:37,848 - INFO - Inserted 1 rows
2026-04-28 02:42:38,079 - INFO - Plots updated
2026-04-28 02:43:38,083 - INFO - Processing 1 rows
2026-04-28 02:43:38,099 - INFO - Assigned label: Moderate Pollution
2026-04-28 02:43:38,103 - INFO - Inserted 1 rows
2026-04-28 02:43:38,331 - INFO - Plots updated
2026-04-28 02:44:38,335 - INFO - Processing 1 rows
2026-04-28 02:44:38,346 - INFO - Assigned label: Moderate Pollution
2026-04-28 02:44:38,350 - INFO - Inserted 1 rows
2026-04-28 02:44:38,579 - INFO - Plots updated
2026-04-28 02:45:38,582 - INFO - Processing 1 rows
2026-04-28 02:45:38,594 - INFO - Assigned label: Moderate Pollution
2026-04-28 02:45:38,600 - INFO - Inserted 1 rows
2026-04-28 02:45:39,072 - INFO - Plots updated
2026-04-28 02:46:39,088 - INFO - Processing 1 rows
2026-04-28 02:46:39,130 - INFO - Assigned label: Moderate Pollution
2026-04-28 02:46:39,146 - INFO - Inserted 1 rows
2026-04-28 02:46:40,117 - INFO - Plots updated
2026-04-28 02:47:40,128 - INFO - Processing 1 rows
2026-04-28 02:47:40,163 - INFO - Assigned label: Moderate Pollution
2026-04-28 02:47:40,173 - INFO - Inserted 1 rows
2026-04-28 02:47:40,721 - INFO - Plots updated
2026-04-28 02:48:40,726 - INFO - Processing 1 rows
2026-04-28 02:48:40,738 - INFO - Assigned label: Moderate Pollution
2026-04-28 02:48:40,742 - INFO - Inserted 1 rows
2026-04-28 02:48:40,966 - INFO - Plots updated
2026-04-28 02:49:40,971 - INFO - Processing 1 rows
2026-04-28 02:49:40,987 - INFO - Assigned label: Moderate Pollution
2026-04-28 02:49:40,993 - INFO - Inserted 1 rows
2026-04-28 02:49:41,243 - INFO - Plots updated
2026-04-28 02:50:41,248 - INFO - Processing 1 rows
2026-04-28 02:50:41,259 - INFO - Assigned label: Moderate Pollution
2026-04-28 02:50:41,264 - INFO - Inserted 1 rows
2026-04-28 02:50:41,507 - INFO - Plots updated
2026-04-28 02:51:41,512 - INFO - Processing 1 rows
2026-04-28 02:51:41,526 - INFO - Assigned label: Moderate Pollution
2026-04-28 02:51:41,531 - INFO - Inserted 1 rows
2026-04-28 02:51:41,784 - INFO - Plots updated
2026-04-28 02:52:41,795 - INFO - Processing 1 rows
2026-04-28 02:52:41,824 - INFO - Assigned label: Moderate Pollution
2026-04-28 02:52:41,834 - INFO - Inserted 1 rows
2026-04-28 02:52:42,406 - INFO - Plots updated
2026-04-28 02:53:42,423 - INFO - Processing 1 rows
2026-04-28 02:53:42,448 - INFO - Assigned label: Moderate Pollution
2026-04-28 02:53:42,457 - INFO - Inserted 1 rows
2026-04-28 02:53:42,937 - INFO - Plots updated
2026-04-28 02:54:42,946 - INFO - Processing 1 rows
2026-04-28 02:54:42,977 - INFO - Assigned label: Moderate Pollution
2026-04-28 02:54:42,986 - INFO - Inserted 1 rows
2026-04-28 02:54:43,468 - INFO - Plots updated
2026-04-28 02:55:43,477 - INFO - Processing 1 rows
2026-04-28 02:55:43,506 - INFO - Assigned label: Moderate Pollution
2026-04-28 02:55:43,516 - INFO - Inserted 1 rows
2026-04-28 02:55:44,023 - INFO - Plots updated
2026-04-28 02:56:44,033 - INFO - Processing 1 rows
2026-04-28 02:56:44,065 - INFO - Assigned label: Moderate Pollution
2026-04-28 02:56:44,073 - INFO - Inserted 1 rows
2026-04-28 02:56:44,667 - INFO - Plots updated
2026-04-28 02:57:44,678 - INFO - Processing 1 rows
2026-04-28 02:57:44,707 - INFO - Assigned label: Moderate Pollution
2026-04-28 02:57:44,718 - INFO - Inserted 1 rows
2026-04-28 02:57:45,205 - INFO - Plots updated
2026-04-28 02:58:45,221 - INFO - Processing 1 rows
2026-04-28 02:58:45,251 - INFO - Assigned label: Moderate Pollution
2026-04-28 02:58:45,261 - INFO - Inserted 1 rows
2026-04-28 02:58:45,864 - INFO - Plots updated
2026-04-28 02:59:45,874 - INFO - Processing 1 rows
2026-04-28 02:59:45,906 - INFO - Assigned label: Moderate Pollution
2026-04-28 02:59:45,916 - INFO - Inserted 1 rows
2026-04-28 02:59:46,512 - INFO - Plots updated
2026-04-28 03:00:46,530 - INFO - Processing 1 rows
2026-04-28 03:00:46,572 - INFO - Assigned label: Moderate Pollution
2026-04-28 03:00:46,586 - INFO - Inserted 1 rows
2026-04-28 03:00:47,326 - INFO - Plots updated
2026-04-28 03:01:47,358 - INFO - Processing 1 rows
2026-04-28 03:01:47,420 - INFO - Assigned label: Moderate Pollution
2026-04-28 03:01:47,430 - INFO - Inserted 1 rows
2026-04-28 03:01:48,051 - INFO - Plots updated
2026-04-28 03:02:48,061 - INFO - Processing 1 rows
2026-04-28 03:02:48,097 - INFO - Assigned label: Moderate Pollution
2026-04-28 03:02:48,112 - INFO - Inserted 1 rows
2026-04-28 03:02:48,706 - INFO - Plots updated
2026-04-28 03:03:48,715 - INFO - Processing 1 rows
2026-04-28 03:03:48,748 - INFO - Assigned label: Moderate Pollution
2026-04-28 03:03:48,759 - INFO - Inserted 1 rows
2026-04-28 03:03:49,321 - INFO - Plots updated
2026-04-28 03:04:49,330 - INFO - Processing 1 rows
2026-04-28 03:04:49,357 - INFO - Assigned label: Moderate Pollution
2026-04-28 03:04:49,366 - INFO - Inserted 1 rows
2026-04-28 03:04:50,190 - INFO - Plots updated
2026-04-28 03:05:50,196 - INFO - Processing 1 rows
2026-04-28 03:05:50,209 - INFO - Assigned label: Moderate Pollution
2026-04-28 03:05:50,213 - INFO - Inserted 1 rows
2026-04-28 03:05:50,472 - INFO - Plots updated
2026-04-28 03:06:50,483 - INFO - Processing 1 rows
2026-04-28 03:06:50,510 - INFO - Assigned label: Moderate Pollution
2026-04-28 03:06:50,519 - INFO - Inserted 1 rows
2026-04-28 03:06:50,867 - INFO - Plots updated
2026-04-28 03:07:50,878 - INFO - Processing 1 rows
2026-04-28 03:07:50,924 - INFO - Assigned label: Moderate Pollution
2026-04-28 03:07:50,933 - INFO - Inserted 1 rows
2026-04-28 03:07:51,526 - INFO - Plots updated
2026-04-28 03:08:51,535 - INFO - Processing 1 rows
2026-04-28 03:08:51,563 - INFO - Assigned label: Moderate Pollution
2026-04-28 03:08:51,573 - INFO - Inserted 1 rows
2026-04-28 03:08:51,888 - INFO - Plots updated
2026-04-28 03:09:51,899 - INFO - Processing 1 rows
2026-04-28 03:09:51,928 - INFO - Assigned label: Moderate Pollution
2026-04-28 03:09:51,937 - INFO - Inserted 1 rows
2026-04-28 03:09:52,533 - INFO - Plots updated
2026-04-28 03:10:52,542 - INFO - Processing 1 rows
2026-04-28 03:10:52,578 - INFO - Assigned label: Moderate Pollution
2026-04-28 03:10:52,588 - INFO - Inserted 1 rows
2026-04-28 03:10:53,162 - INFO - Plots updated
2026-04-28 03:11:53,172 - INFO - Processing 1 rows
2026-04-28 03:11:53,200 - INFO - Assigned label: Moderate Pollution
2026-04-28 03:11:53,207 - INFO - Inserted 1 rows
2026-04-28 03:11:53,838 - INFO - Plots updated
2026-04-28 03:12:53,848 - INFO - Processing 1 rows
2026-04-28 03:12:53,875 - INFO - Assigned label: Moderate Pollution
2026-04-28 03:12:53,886 - INFO - Inserted 1 rows
2026-04-28 03:12:54,527 - INFO - Plots updated
2026-04-28 03:13:54,537 - INFO - Processing 1 rows
2026-04-28 03:13:54,578 - INFO - Assigned label: Moderate Pollution
2026-04-28 03:13:54,588 - INFO - Inserted 1 rows
2026-04-28 03:13:55,253 - INFO - Plots updated
2026-04-28 03:14:55,265 - INFO - Processing 1 rows
2026-04-28 03:14:55,322 - INFO - Assigned label: Moderate Pollution
2026-04-28 03:14:55,353 - INFO - Inserted 1 rows
2026-04-28 03:14:55,995 - INFO - Plots updated
2026-04-28 03:15:56,006 - INFO - Processing 1 rows
2026-04-28 03:15:56,042 - INFO - Assigned label: Moderate Pollution
2026-04-28 03:15:56,053 - INFO - Inserted 1 rows
2026-04-28 03:15:57,250 - INFO - Plots updated
2026-04-28 03:16:57,255 - INFO - Processing 1 rows
2026-04-28 03:16:57,268 - INFO - Assigned label: Moderate Pollution
2026-04-28 03:16:57,272 - INFO - Inserted 1 rows
2026-04-28 03:16:57,505 - INFO - Plots updated
2026-04-28 03:17:57,510 - INFO - Processing 1 rows
2026-04-28 03:17:57,519 - INFO - Assigned label: Moderate Pollution
2026-04-28 03:17:57,524 - INFO - Inserted 1 rows
2026-04-28 03:17:57,763 - INFO - Plots updated
2026-04-28 03:18:57,768 - INFO - Processing 1 rows
2026-04-28 03:18:57,781 - INFO - Assigned label: Moderate Pollution
2026-04-28 03:18:57,786 - INFO - Inserted 1 rows
2026-04-28 03:18:58,041 - INFO - Plots updated
2026-04-28 03:19:58,051 - INFO - Processing 1 rows
2026-04-28 03:19:58,073 - INFO - Assigned label: Unhealthy Air
2026-04-28 03:19:58,080 - INFO - Inserted 1 rows
2026-04-28 03:19:58,678 - INFO - Plots updated
2026-04-28 03:20:58,695 - INFO - Processing 1 rows
2026-04-28 03:20:58,744 - INFO - Assigned label: Unhealthy Air
2026-04-28 03:20:58,760 - INFO - Inserted 1 rows
2026-04-28 03:20:59,732 - INFO - Plots updated
2026-04-28 03:21:59,752 - INFO - Processing 1 rows
2026-04-28 03:21:59,791 - INFO - Assigned label: Moderate Pollution
2026-04-28 03:21:59,802 - INFO - Inserted 1 rows
2026-04-28 03:22:00,414 - INFO - Plots updated
2026-04-28 03:23:00,434 - INFO - Processing 1 rows
2026-04-28 03:23:00,495 - INFO - Assigned label: Moderate Pollution
2026-04-28 03:23:00,506 - INFO - Inserted 1 rows
2026-04-28 03:23:01,180 - INFO - Plots updated
2026-04-28 03:24:01,190 - INFO - Processing 1 rows
2026-04-28 03:24:01,222 - INFO - Assigned label: Moderate Pollution
2026-04-28 03:24:01,232 - INFO - Inserted 1 rows
2026-04-28 03:24:01,889 - INFO - Plots updated
2026-04-28 03:25:01,903 - INFO - Processing 1 rows
2026-04-28 03:25:01,951 - INFO - Assigned label: Moderate Pollution
2026-04-28 03:25:01,964 - INFO - Inserted 1 rows
2026-04-28 03:25:03,062 - INFO - Plots updated
2026-04-28 03:26:03,068 - INFO - Processing 1 rows
2026-04-28 03:26:03,082 - INFO - Assigned label: Moderate Pollution
2026-04-28 03:26:03,086 - INFO - Inserted 1 rows
2026-04-28 03:26:03,609 - INFO - Plots updated
2026-04-28 03:27:03,616 - INFO - Processing 1 rows
2026-04-28 03:27:03,634 - INFO - Assigned label: Moderate Pollution
2026-04-28 03:27:03,640 - INFO - Inserted 1 rows
2026-04-28 03:27:03,900 - INFO - Plots updated
2026-04-28 03:28:03,912 - INFO - Processing 1 rows
2026-04-28 03:28:03,940 - INFO - Assigned label: Moderate Pollution
2026-04-28 03:28:03,949 - INFO - Inserted 1 rows
2026-04-28 03:28:04,528 - INFO - Plots updated
2026-04-28 03:29:04,534 - INFO - Processing 1 rows
2026-04-28 03:29:04,548 - INFO - Assigned label: Moderate Pollution
2026-04-28 03:29:04,552 - INFO - Inserted 1 rows
2026-04-28 03:29:04,801 - INFO - Plots updated
2026-04-28 03:30:04,821 - INFO - Processing 1 rows
2026-04-28 03:30:04,913 - INFO - Assigned label: Moderate Pollution
2026-04-28 03:30:04,939 - INFO - Inserted 1 rows
2026-04-28 03:30:06,634 - INFO - Plots updated
2026-04-28 03:31:06,644 - INFO - Processing 1 rows
2026-04-28 03:31:06,669 - INFO - Assigned label: Moderate Pollution
2026-04-28 03:31:06,678 - INFO - Inserted 1 rows
2026-04-28 03:31:07,293 - INFO - Plots updated
2026-04-28 03:32:07,300 - INFO - Processing 1 rows
2026-04-28 03:32:07,320 - INFO - Assigned label: Moderate Pollution
2026-04-28 03:32:07,325 - INFO - Inserted 1 rows
2026-04-28 03:32:07,582 - INFO - Plots updated
2026-04-28 03:33:07,591 - INFO - Processing 1 rows
2026-04-28 03:33:07,623 - INFO - Assigned label: Moderate Pollution
2026-04-28 03:33:07,632 - INFO - Inserted 1 rows
2026-04-28 03:33:08,200 - INFO - Plots updated
2026-04-28 03:34:08,205 - INFO - Processing 1 rows
2026-04-28 03:34:08,219 - INFO - Assigned label: Moderate Pollution
2026-04-28 03:34:08,225 - INFO - Inserted 1 rows
2026-04-28 03:34:08,468 - INFO - Plots updated
2026-04-28 03:35:08,477 - INFO - Processing 1 rows
2026-04-28 03:35:08,518 - INFO - Assigned label: Moderate Pollution
2026-04-28 03:35:08,528 - INFO - Inserted 1 rows
2026-04-28 03:35:09,004 - INFO - Plots updated
2026-04-28 03:36:09,013 - INFO - Processing 1 rows
2026-04-28 03:36:09,040 - INFO - Assigned label: Moderate Pollution
2026-04-28 03:36:09,049 - INFO - Inserted 1 rows
2026-04-28 03:36:09,440 - INFO - Plots updated
2026-04-28 03:37:09,451 - INFO - Processing 1 rows
2026-04-28 03:37:09,485 - INFO - Assigned label: Moderate Pollution
2026-04-28 03:37:09,495 - INFO - Inserted 1 rows
2026-04-28 03:37:10,141 - INFO - Plots updated
2026-04-28 03:38:10,151 - INFO - Processing 1 rows
2026-04-28 03:38:10,180 - INFO - Assigned label: Moderate Pollution
2026-04-28 03:38:10,191 - INFO - Inserted 1 rows
2026-04-28 03:38:10,781 - INFO - Plots updated
2026-04-28 03:39:10,788 - INFO - Processing 1 rows
2026-04-28 03:39:10,818 - INFO - Assigned label: Moderate Pollution
2026-04-28 03:39:10,823 - INFO - Inserted 1 rows
2026-04-28 03:39:11,077 - INFO - Plots updated
2026-04-28 03:40:11,087 - INFO - Processing 2 rows
2026-04-28 03:40:11,123 - INFO - Assigned label: Moderate Pollution
2026-04-28 03:40:11,132 - INFO - Inserted 2 rows
2026-04-28 03:40:11,722 - INFO - Plots updated
2026-04-28 03:41:11,727 - INFO - Processing 1 rows
2026-04-28 03:41:11,743 - INFO - Assigned label: Moderate Pollution
2026-04-28 03:41:11,748 - INFO - Inserted 1 rows
2026-04-28 03:41:12,005 - INFO - Plots updated
2026-04-28 03:42:12,010 - INFO - Processing 1 rows
2026-04-28 03:42:12,023 - INFO - Assigned label: Moderate Pollution
2026-04-28 03:42:12,027 - INFO - Inserted 1 rows
2026-04-28 03:42:12,282 - INFO - Plots updated
2026-04-28 03:43:12,295 - INFO - Processing 1 rows
2026-04-28 03:43:12,357 - INFO - Assigned label: Moderate Pollution
2026-04-28 03:43:12,371 - INFO - Inserted 1 rows
2026-04-28 03:43:12,942 - INFO - Plots updated
2026-04-28 03:44:12,953 - INFO - Processing 1 rows
2026-04-28 03:44:12,994 - INFO - Assigned label: Moderate Pollution
2026-04-28 03:44:13,004 - INFO - Inserted 1 rows
2026-04-28 03:44:13,625 - INFO - Plots updated
2026-04-28 03:45:13,629 - INFO - Processing 1 rows
2026-04-28 03:45:13,640 - INFO - Assigned label: Moderate Pollution
2026-04-28 03:45:13,644 - INFO - Inserted 1 rows
2026-04-28 03:45:13,911 - INFO - Plots updated
2026-04-28 03:46:13,915 - INFO - Processing 1 rows
2026-04-28 03:46:13,926 - INFO - Assigned label: Moderate Pollution
2026-04-28 03:46:13,931 - INFO - Inserted 1 rows
2026-04-28 03:46:14,178 - INFO - Plots updated
2026-04-28 03:47:14,183 - INFO - Processing 1 rows
2026-04-28 03:47:14,197 - INFO - Assigned label: Moderate Pollution
2026-04-28 03:47:14,202 - INFO - Inserted 1 rows
2026-04-28 03:47:14,679 - INFO - Plots updated
2026-04-28 03:48:14,689 - INFO - Processing 1 rows
2026-04-28 03:48:14,716 - INFO - Assigned label: Moderate Pollution
2026-04-28 03:48:14,725 - INFO - Inserted 1 rows
2026-04-28 03:48:15,269 - INFO - Plots updated
2026-04-28 03:49:15,281 - INFO - Processing 1 rows
2026-04-28 03:49:15,314 - INFO - Assigned label: Moderate Pollution
2026-04-28 03:49:15,326 - INFO - Inserted 1 rows
2026-04-28 03:49:15,892 - INFO - Plots updated
2026-04-28 03:50:15,897 - INFO - Processing 1 rows
2026-04-28 03:50:15,914 - INFO - Assigned label: Moderate Pollution
2026-04-28 03:50:15,919 - INFO - Inserted 1 rows
2026-04-28 03:50:16,157 - INFO - Plots updated
2026-04-28 03:51:16,162 - INFO - Processing 1 rows
2026-04-28 03:51:16,178 - INFO - Assigned label: Moderate Pollution
2026-04-28 03:51:16,185 - INFO - Inserted 1 rows
2026-04-28 03:51:16,528 - INFO - Plots updated
2026-04-28 03:52:16,535 - INFO - Processing 1 rows
2026-04-28 03:52:16,550 - INFO - Assigned label: Moderate Pollution
2026-04-28 03:52:16,554 - INFO - Inserted 1 rows
2026-04-28 03:52:16,819 - INFO - Plots updated
2026-04-28 03:53:16,823 - INFO - Processing 1 rows
2026-04-28 03:53:16,841 - INFO - Assigned label: Moderate Pollution
2026-04-28 03:53:16,846 - INFO - Inserted 1 rows
2026-04-28 03:53:17,080 - INFO - Plots updated
2026-04-28 03:54:17,089 - INFO - Processing 1 rows
2026-04-28 03:54:17,115 - INFO - Assigned label: Moderate Pollution
2026-04-28 03:54:17,123 - INFO - Inserted 1 rows
2026-04-28 03:54:17,718 - INFO - Plots updated
2026-04-28 03:55:17,793 - INFO - Processing 1 rows
2026-04-28 03:55:17,944 - INFO - Assigned label: Moderate Pollution
2026-04-28 03:55:17,961 - INFO - Inserted 1 rows
2026-04-28 03:55:19,041 - INFO - Plots updated
2026-04-28 04:01:28,025 - INFO - No new data
2026-04-28 04:01:39,700 - INFO - Plots updated
2026-04-28 04:02:39,744 - INFO - Processing 1 rows
2026-04-28 04:02:39,771 - INFO - Assigned label: Moderate Pollution
2026-04-28 04:02:39,777 - INFO - Inserted 1 rows
2026-04-28 04:02:40,023 - INFO - Plots updated
2026-04-28 04:03:40,030 - INFO - Processing 1 rows
2026-04-28 04:03:40,049 - INFO - Assigned label: Moderate Pollution
2026-04-28 04:03:40,055 - INFO - Inserted 1 rows
2026-04-28 04:03:40,336 - INFO - Plots updated
2026-04-28 04:04:40,341 - INFO - Processing 1 rows
2026-04-28 04:04:40,354 - INFO - Assigned label: Moderate Pollution
2026-04-28 04:04:40,359 - INFO - Inserted 1 rows
2026-04-28 04:04:40,900 - INFO - Plots updated
2026-04-28 04:05:40,909 - INFO - Processing 1 rows
2026-04-28 04:05:40,926 - INFO - Assigned label: Moderate Pollution
2026-04-28 04:05:40,931 - INFO - Inserted 1 rows
2026-04-28 04:05:41,276 - INFO - Plots updated
2026-04-28 04:06:41,281 - INFO - Processing 1 rows
2026-04-28 04:06:41,298 - INFO - Assigned label: Moderate Pollution
2026-04-28 04:06:41,303 - INFO - Inserted 1 rows
2026-04-28 04:06:41,596 - INFO - Plots updated
2026-04-28 04:07:41,681 - INFO - Processing 1 rows
2026-04-28 04:07:41,745 - INFO - Assigned label: Moderate Pollution
2026-04-28 04:07:41,754 - INFO - Inserted 1 rows
2026-04-28 04:07:42,380 - INFO - Plots updated
2026-04-28 04:08:42,386 - INFO - Processing 1 rows
2026-04-28 04:08:42,401 - INFO - Assigned label: Moderate Pollution
2026-04-28 04:08:42,406 - INFO - Inserted 1 rows
2026-04-28 04:08:43,000 - INFO - Plots updated
2026-04-28 04:09:43,011 - INFO - Processing 1 rows
2026-04-28 04:09:43,043 - INFO - Assigned label: Moderate Pollution
2026-04-28 04:09:43,050 - INFO - Inserted 1 rows
2026-04-28 04:09:43,658 - INFO - Plots updated
2026-04-28 04:10:43,663 - INFO - Processing 1 rows
2026-04-28 04:10:43,679 - INFO - Assigned label: Moderate Pollution
2026-04-28 04:10:43,684 - INFO - Inserted 1 rows
2026-04-28 04:10:43,940 - INFO - Plots updated
2026-04-28 04:11:43,951 - INFO - Processing 1 rows
2026-04-28 04:11:43,979 - INFO - Assigned label: Moderate Pollution
2026-04-28 04:11:43,989 - INFO - Inserted 1 rows
2026-04-28 04:11:44,588 - INFO - Plots updated
2026-04-28 04:12:44,598 - INFO - Processing 1 rows
2026-04-28 04:12:44,628 - INFO - Assigned label: Moderate Pollution
2026-04-28 04:12:44,638 - INFO - Inserted 1 rows
2026-04-28 04:12:45,168 - INFO - Plots updated
2026-04-28 04:13:45,209 - INFO - Processing 1 rows
2026-04-28 04:13:45,278 - INFO - Assigned label: Moderate Pollution
2026-04-28 04:13:45,288 - INFO - Inserted 1 rows
2026-04-28 04:13:45,910 - INFO - Plots updated
2026-04-28 04:14:45,915 - INFO - Processing 1 rows
2026-04-28 04:14:45,928 - INFO - Assigned label: Moderate Pollution
2026-04-28 04:14:45,932 - INFO - Inserted 1 rows
2026-04-28 04:14:46,492 - INFO - Plots updated
2026-04-28 04:15:46,505 - INFO - Processing 1 rows
2026-04-28 04:15:46,533 - INFO - Assigned label: Moderate Pollution
2026-04-28 04:15:46,539 - INFO - Inserted 1 rows
2026-04-28 04:15:46,883 - INFO - Plots updated
2026-04-28 04:16:46,893 - INFO - Processing 1 rows
2026-04-28 04:16:46,904 - INFO - Assigned label: Moderate Pollution
2026-04-28 04:16:46,909 - INFO - Inserted 1 rows
2026-04-28 04:16:47,157 - INFO - Plots updated
2026-04-28 04:17:47,161 - INFO - Processing 1 rows
2026-04-28 04:17:47,174 - INFO - Assigned label: Moderate Pollution
2026-04-28 04:17:47,179 - INFO - Inserted 1 rows
2026-04-28 04:17:47,443 - INFO - Plots updated
2026-04-28 04:18:47,448 - INFO - Processing 1 rows
2026-04-28 04:18:47,461 - INFO - Assigned label: Moderate Pollution
2026-04-28 04:18:47,466 - INFO - Inserted 1 rows
2026-04-28 04:18:47,708 - INFO - Plots updated
2026-04-28 04:19:47,714 - INFO - Processing 1 rows
2026-04-28 04:19:47,727 - INFO - Assigned label: Moderate Pollution
2026-04-28 04:19:47,732 - INFO - Inserted 1 rows
2026-04-28 04:19:47,977 - INFO - Plots updated
2026-04-28 04:20:47,987 - INFO - Processing 1 rows
2026-04-28 04:20:48,025 - INFO - Assigned label: Moderate Pollution
2026-04-28 04:20:48,040 - INFO - Inserted 1 rows
2026-04-28 04:20:48,638 - INFO - Plots updated
2026-04-28 04:21:48,645 - INFO - Processing 1 rows
2026-04-28 04:21:48,661 - INFO - Assigned label: Moderate Pollution
2026-04-28 04:21:48,667 - INFO - Inserted 1 rows
2026-04-28 04:21:48,963 - INFO - Plots updated
2026-04-28 04:22:48,970 - INFO - Processing 1 rows
2026-04-28 04:22:48,988 - INFO - Assigned label: Moderate Pollution
2026-04-28 04:22:48,994 - INFO - Inserted 1 rows
2026-04-28 04:22:49,292 - INFO - Plots updated
2026-04-28 04:23:49,297 - INFO - Processing 1 rows
2026-04-28 04:23:49,312 - INFO - Assigned label: Moderate Pollution
2026-04-28 04:23:49,318 - INFO - Inserted 1 rows
2026-04-28 04:23:49,604 - INFO - Plots updated
2026-04-28 04:24:49,644 - INFO - Processing 1 rows
2026-04-28 04:24:49,699 - INFO - Assigned label: Moderate Pollution
2026-04-28 04:24:49,713 - INFO - Inserted 1 rows
2026-04-28 04:24:51,010 - INFO - Plots updated
2026-04-28 04:27:58,766 - INFO - No new data
2026-04-28 04:28:03,595 - INFO - Plots updated
2026-04-28 04:29:03,645 - INFO - Processing 2 rows
2026-04-28 04:29:03,715 - INFO - Assigned label: Moderate Pollution
2026-04-28 04:29:03,730 - INFO - Inserted 2 rows
2026-04-28 04:29:04,351 - INFO - Plots updated
2026-04-28 04:30:48,744 - INFO - No new data
2026-04-28 04:30:52,367 - INFO - Plots updated
2026-04-28 04:31:52,372 - INFO - Processing 2 rows
2026-04-28 04:31:52,403 - INFO - Assigned label: Moderate Pollution
2026-04-28 04:31:52,409 - INFO - Inserted 2 rows
2026-04-28 04:31:52,669 - INFO - Plots updated
2026-04-28 04:32:52,674 - INFO - Processing 1 rows
2026-04-28 04:32:52,691 - INFO - Assigned label: Moderate Pollution
2026-04-28 04:32:52,697 - INFO - Inserted 1 rows
2026-04-28 04:32:52,997 - INFO - Plots updated
2026-04-28 04:33:53,002 - INFO - Processing 1 rows
2026-04-28 04:33:53,020 - INFO - Assigned label: Moderate Pollution
2026-04-28 04:33:53,025 - INFO - Inserted 1 rows
2026-04-28 04:33:53,334 - INFO - Plots updated
2026-04-28 04:34:53,339 - INFO - Processing 1 rows
2026-04-28 04:34:53,351 - INFO - Assigned label: Moderate Pollution
2026-04-28 04:34:53,356 - INFO - Inserted 1 rows
2026-04-28 04:34:53,613 - INFO - Plots updated
2026-04-28 04:35:53,617 - INFO - Processing 1 rows
2026-04-28 04:35:53,629 - INFO - Assigned label: Moderate Pollution
2026-04-28 04:35:53,633 - INFO - Inserted 1 rows
2026-04-28 04:35:53,875 - INFO - Plots updated
2026-04-28 04:36:53,880 - INFO - Processing 1 rows
2026-04-28 04:36:53,897 - INFO - Assigned label: Moderate Pollution
2026-04-28 04:36:53,904 - INFO - Inserted 1 rows
2026-04-28 04:36:54,170 - INFO - Plots updated
2026-04-28 04:37:54,178 - INFO - Processing 1 rows
2026-04-28 04:37:54,197 - INFO - Assigned label: Moderate Pollution
2026-04-28 04:37:54,203 - INFO - Inserted 1 rows
2026-04-28 04:37:54,465 - INFO - Plots updated
2026-04-28 04:38:54,473 - INFO - Processing 1 rows
2026-04-28 04:38:54,491 - INFO - Assigned label: Moderate Pollution
2026-04-28 04:38:54,498 - INFO - Inserted 1 rows
2026-04-28 04:38:55,208 - INFO - Plots updated
2026-04-28 04:39:55,213 - INFO - Processing 1 rows
2026-04-28 04:39:55,228 - INFO - Assigned label: Moderate Pollution
2026-04-28 04:39:55,234 - INFO - Inserted 1 rows
2026-04-28 04:39:55,525 - INFO - Plots updated
2026-04-28 04:40:55,539 - INFO - Processing 1 rows
2026-04-28 04:40:55,586 - INFO - Assigned label: Moderate Pollution
2026-04-28 04:40:55,600 - INFO - Inserted 1 rows
2026-04-28 04:40:56,368 - INFO - Plots updated
2026-04-28 04:44:39,250 - INFO - Processing 1 rows
2026-04-28 04:44:39,903 - INFO - Assigned label: Moderate Pollution
2026-04-28 04:44:40,016 - INFO - Inserted 1 rows
2026-04-28 04:44:42,784 - INFO - Plots updated
2026-04-28 04:45:47,228 - INFO - Processing 3 rows
2026-04-28 04:48:00,220 - INFO - Assigned label: Moderate Pollution
2026-04-28 04:48:00,282 - INFO - Inserted 3 rows
2026-04-28 04:48:02,485 - INFO - Plots updated
2026-04-28 04:59:26,003 - INFO - Processing 1 rows
2026-04-28 04:59:27,156 - INFO - Assigned label: Moderate Pollution
2026-04-28 04:59:27,386 - INFO - Inserted 1 rows
2026-04-28 04:59:35,725 - INFO - Plots updated
2026-04-28 05:00:41,334 - INFO - Processing 1 rows
2026-04-28 05:00:42,565 - INFO - Assigned label: Moderate Pollution
2026-04-28 05:00:42,921 - INFO - Inserted 1 rows
2026-04-28 05:00:46,429 - INFO - Plots updated
2026-04-28 05:03:37,293 - INFO - No new data
2026-04-28 05:03:45,006 - INFO - Plots updated
2026-04-28 05:04:57,779 - INFO - Processing 1 rows
2026-04-28 05:04:58,829 - INFO - Assigned label: Moderate Pollution
2026-04-28 05:04:58,946 - INFO - Inserted 1 rows
2026-04-28 05:05:04,722 - INFO - Plots updated
2026-04-28 05:07:52,460 - INFO - Processing 2 rows
2026-04-28 05:07:53,162 - INFO - Assigned label: Better Air
2026-04-28 05:07:53,270 - INFO - Inserted 2 rows
2026-04-28 05:07:59,988 - INFO - Plots updated
2026-04-28 05:15:33,152 - INFO - Processing 1 rows
2026-04-28 05:15:34,274 - INFO - Assigned label: Better Air
2026-04-28 05:15:34,445 - INFO - Inserted 1 rows
2026-04-28 05:20:04,409 - INFO - Plots updated
2026-04-28 05:21:04,569 - INFO - Processing 5 rows
2026-04-28 05:21:04,931 - INFO - Assigned label: Moderate Pollution
2026-04-28 05:21:05,012 - INFO - Inserted 5 rows
2026-04-28 05:21:08,523 - INFO - Plots updated
2026-04-28 05:22:08,664 - INFO - Processing 1 rows
2026-04-28 05:22:08,928 - INFO - Assigned label: Moderate Pollution
2026-04-28 05:22:08,991 - INFO - Inserted 1 rows
2026-04-28 05:22:13,212 - INFO - Plots updated
2026-04-28 05:23:13,306 - INFO - Processing 1 rows
2026-04-28 05:23:13,461 - INFO - Assigned label: Better Air
2026-04-28 05:23:13,477 - INFO - Inserted 1 rows
2026-04-28 05:23:14,549 - INFO - Plots updated
2026-04-28 05:24:14,584 - INFO - Processing 1 rows
2026-04-28 05:24:14,634 - INFO - Assigned label: Better Air
2026-04-28 05:24:14,641 - INFO - Inserted 1 rows
2026-04-28 05:24:14,974 - INFO - Plots updated
2026-04-28 05:25:14,982 - INFO - Processing 1 rows
2026-04-28 05:25:15,017 - INFO - Assigned label: Better Air
2026-04-28 05:25:15,024 - INFO - Inserted 1 rows
2026-04-28 05:25:15,334 - INFO - Plots updated
2026-04-28 05:26:15,344 - INFO - Processing 1 rows
2026-04-28 05:26:15,383 - INFO - Assigned label: Better Air
2026-04-28 05:26:15,394 - INFO - Inserted 1 rows
2026-04-28 05:26:16,107 - INFO - Plots updated
2026-04-28 05:27:16,170 - INFO - Processing 1 rows
2026-04-28 05:27:16,467 - INFO - Assigned label: Better Air
2026-04-28 05:27:16,546 - INFO - Inserted 1 rows
2026-04-28 05:27:21,390 - INFO - Plots updated
2026-04-28 05:28:21,455 - INFO - Processing 1 rows
2026-04-28 05:28:21,592 - INFO - Assigned label: Better Air
2026-04-28 05:28:21,621 - INFO - Inserted 1 rows
2026-04-28 05:28:23,090 - INFO - Plots updated
2026-04-28 05:32:06,626 - INFO - No new data
2026-04-28 05:32:12,527 - INFO - Plots updated
2026-04-28 05:33:12,538 - INFO - Processing 2 rows
2026-04-28 05:33:12,601 - INFO - Assigned label: Better Air
2026-04-28 05:33:12,615 - INFO - Inserted 2 rows
2026-04-28 05:33:13,139 - INFO - Plots updated
2026-04-28 05:34:13,285 - INFO - Processing 1 rows
2026-04-28 05:34:13,599 - INFO - Assigned label: Better Air
2026-04-28 05:34:13,684 - INFO - Inserted 1 rows
2026-04-28 05:36:53,865 - INFO - Plots updated
2026-04-28 05:37:54,038 - INFO - Processing 2 rows
2026-04-28 05:37:54,386 - INFO - Assigned label: Better Air
2026-04-28 05:37:54,512 - INFO - Inserted 2 rows
2026-04-28 05:38:02,101 - INFO - Plots updated
2026-04-28 05:41:35,534 - INFO - Processing 1 rows
2026-04-28 05:41:36,434 - INFO - Assigned label: Better Air
2026-04-28 05:41:36,565 - INFO - Inserted 1 rows
2026-04-28 05:41:42,227 - INFO - Plots updated
2026-04-28 05:42:42,246 - INFO - Processing 3 rows
2026-04-28 05:42:42,292 - INFO - Assigned label: Better Air
2026-04-28 05:42:42,308 - INFO - Inserted 3 rows
2026-04-28 05:42:43,402 - INFO - Plots updated
2026-04-28 05:43:46,178 - INFO - Processing 1 rows
2026-04-28 05:45:28,561 - INFO - Assigned label: Better Air
2026-04-28 05:45:28,855 - INFO - Inserted 1 rows
2026-04-28 05:45:40,080 - INFO - Plots updated
2026-04-28 05:46:40,326 - INFO - Processing 3 rows
2026-04-28 05:46:40,726 - INFO - Assigned label: Better Air
2026-04-28 05:46:40,914 - INFO - Inserted 3 rows
2026-04-28 05:50:17,664 - INFO - Plots updated
2026-04-28 05:56:02,099 - INFO - No new data
2026-04-28 05:56:07,515 - INFO - Plots updated
2026-04-28 05:59:24,405 - INFO - Processing 1 rows
2026-04-28 05:59:25,392 - INFO - Assigned label: Better Air
2026-04-28 05:59:25,517 - INFO - Inserted 1 rows
2026-04-28 05:59:29,738 - INFO - Plots updated
2026-04-28 06:06:16,445 - INFO - Processing 1 rows
2026-04-28 06:06:18,454 - INFO - Assigned label: Better Air
2026-04-28 06:06:18,738 - INFO - Inserted 1 rows
2026-04-28 06:06:23,935 - INFO - Plots updated
2026-04-28 06:09:08,889 - INFO - Processing 1 rows
2026-04-28 06:09:09,980 - INFO - Assigned label: Better Air
2026-04-28 06:09:10,214 - INFO - Inserted 1 rows
2026-04-28 06:13:55,764 - INFO - Plots updated
2026-04-28 06:14:55,830 - INFO - Processing 3 rows
2026-04-28 06:14:55,905 - INFO - Assigned label: Better Air
2026-04-28 06:14:55,932 - INFO - Inserted 3 rows
2026-04-28 06:15:08,292 - INFO - Plots updated
2026-04-28 06:16:08,310 - INFO - Processing 1 rows
2026-04-28 06:16:08,340 - INFO - Assigned label: Better Air
2026-04-28 06:16:08,350 - INFO - Inserted 1 rows
2026-04-28 06:16:09,129 - INFO - Plots updated
2026-04-28 06:18:23,223 - INFO - Processing 1 rows
2026-04-28 06:18:24,148 - INFO - Assigned label: Better Air
2026-04-28 06:18:24,236 - INFO - Inserted 1 rows
2026-04-28 06:18:28,010 - INFO - Plots updated
2026-04-28 06:21:17,883 - INFO - Processing 2 rows
2026-04-28 06:21:18,694 - INFO - Assigned label: Better Air
2026-04-28 06:21:18,827 - INFO - Inserted 2 rows
2026-04-28 06:21:22,367 - INFO - Plots updated
2026-04-28 06:24:56,616 - INFO - Processing 2 rows
2026-04-28 06:24:57,488 - INFO - Assigned label: Better Air
2026-04-28 06:24:57,564 - INFO - Inserted 2 rows
2026-04-28 06:25:02,020 - INFO - Plots updated
2026-04-28 06:30:20,768 - INFO - Processing 2 rows
2026-04-28 06:30:21,667 - INFO - Assigned label: Better Air
2026-04-28 06:30:21,807 - INFO - Inserted 2 rows
2026-04-28 06:30:28,874 - INFO - Plots updated
2026-04-28 06:34:35,061 - INFO - Processing 3 rows
2026-04-28 06:34:38,765 - INFO - Assigned label: Better Air
2026-04-28 06:34:39,175 - INFO - Inserted 3 rows
2026-04-28 06:34:54,987 - INFO - Plots updated
2026-04-28 06:38:18,732 - INFO - No new data
2026-04-28 06:38:24,124 - INFO - Plots updated
2026-04-28 06:39:24,159 - INFO - Processing 2 rows
2026-04-28 06:39:24,370 - INFO - Assigned label: Better Air
2026-04-28 06:39:24,431 - INFO - Inserted 2 rows
2026-04-28 06:39:28,166 - INFO - Plots updated
2026-04-28 06:40:28,178 - INFO - Processing 1 rows
2026-04-28 06:40:28,213 - INFO - Assigned label: Better Air
2026-04-28 06:40:28,226 - INFO - Inserted 1 rows
2026-04-28 06:40:29,075 - INFO - Plots updated
2026-04-28 06:41:29,087 - INFO - Processing 1 rows
2026-04-28 06:41:29,116 - INFO - Assigned label: Better Air
2026-04-28 06:41:29,127 - INFO - Inserted 1 rows
2026-04-28 06:41:30,496 - INFO - Plots updated
2026-04-28 06:42:30,513 - INFO - Processing 1 rows
2026-04-28 06:42:30,569 - INFO - Assigned label: Better Air
2026-04-28 06:42:30,589 - INFO - Inserted 1 rows
2026-04-28 06:42:34,781 - INFO - Plots updated
2026-04-28 06:43:34,792 - INFO - Processing 1 rows
2026-04-28 06:43:34,836 - INFO - Assigned label: Better Air
2026-04-28 06:43:34,847 - INFO - Inserted 1 rows
2026-04-28 06:43:35,513 - INFO - Plots updated
2026-04-28 06:44:35,521 - INFO - Processing 1 rows
2026-04-28 06:44:35,557 - INFO - Assigned label: Better Air
2026-04-28 06:44:35,566 - INFO - Inserted 1 rows
2026-04-28 06:44:36,280 - INFO - Plots updated
2026-04-28 06:45:36,289 - INFO - Processing 1 rows
2026-04-28 06:45:36,317 - INFO - Assigned label: Better Air
2026-04-28 06:45:36,328 - INFO - Inserted 1 rows
2026-04-28 06:45:36,883 - INFO - Plots updated
2026-04-28 06:46:36,899 - INFO - Processing 1 rows
2026-04-28 06:46:36,994 - INFO - Assigned label: Better Air
2026-04-28 06:46:37,023 - INFO - Inserted 1 rows
2026-04-28 06:46:38,039 - INFO - Plots updated
2026-04-28 06:47:38,050 - INFO - Processing 1 rows
2026-04-28 06:47:38,076 - INFO - Assigned label: Better Air
2026-04-28 06:47:38,084 - INFO - Inserted 1 rows
2026-04-28 06:47:38,632 - INFO - Plots updated
2026-04-28 06:48:38,638 - INFO - Processing 1 rows
2026-04-28 06:48:38,673 - INFO - Assigned label: Better Air
2026-04-28 06:48:38,683 - INFO - Inserted 1 rows
2026-04-28 06:48:38,986 - INFO - Plots updated
2026-04-28 06:49:38,991 - INFO - Processing 1 rows
2026-04-28 06:49:39,003 - INFO - Assigned label: Better Air
2026-04-28 06:49:39,007 - INFO - Inserted 1 rows
2026-04-28 06:49:39,307 - INFO - Plots updated
2026-04-28 06:50:39,319 - INFO - Processing 1 rows
2026-04-28 06:50:39,349 - INFO - Assigned label: Better Air
2026-04-28 06:50:39,359 - INFO - Inserted 1 rows
2026-04-28 06:50:39,953 - INFO - Plots updated
2026-04-28 06:51:39,962 - INFO - Processing 1 rows
2026-04-28 06:51:39,993 - INFO - Assigned label: Better Air
2026-04-28 06:51:40,004 - INFO - Inserted 1 rows
2026-04-28 06:51:41,225 - INFO - Plots updated
2026-04-28 06:52:41,231 - INFO - Processing 1 rows
2026-04-28 06:52:41,244 - INFO - Assigned label: Better Air
2026-04-28 06:52:41,249 - INFO - Inserted 1 rows
2026-04-28 06:52:41,539 - INFO - Plots updated
2026-04-28 06:53:41,547 - INFO - Processing 1 rows
2026-04-28 06:53:41,570 - INFO - Assigned label: Better Air
2026-04-28 06:53:41,576 - INFO - Inserted 1 rows
2026-04-28 06:53:41,878 - INFO - Plots updated
2026-04-28 06:54:41,883 - INFO - Processing 1 rows
2026-04-28 06:54:41,901 - INFO - Assigned label: Better Air
2026-04-28 06:54:41,907 - INFO - Inserted 1 rows
2026-04-28 06:54:42,226 - INFO - Plots updated
2026-04-28 06:55:42,232 - INFO - Processing 1 rows
2026-04-28 06:55:42,247 - INFO - Assigned label: Better Air
2026-04-28 06:55:42,251 - INFO - Inserted 1 rows
2026-04-28 06:55:42,504 - INFO - Plots updated
2026-04-28 06:56:42,509 - INFO - Processing 1 rows
2026-04-28 06:56:42,525 - INFO - Assigned label: Better Air
2026-04-28 06:56:42,530 - INFO - Inserted 1 rows
2026-04-28 06:56:42,792 - INFO - Plots updated
2026-04-28 06:57:42,802 - INFO - Processing 1 rows
2026-04-28 06:57:42,820 - INFO - Assigned label: Better Air
2026-04-28 06:57:42,825 - INFO - Inserted 1 rows
2026-04-28 06:57:43,113 - INFO - Plots updated
2026-04-28 06:58:43,119 - INFO - Processing 1 rows
2026-04-28 06:58:43,139 - INFO - Assigned label: Better Air
2026-04-28 06:58:43,146 - INFO - Inserted 1 rows
2026-04-28 06:58:43,438 - INFO - Plots updated
2026-04-28 06:59:43,443 - INFO - Processing 1 rows
2026-04-28 06:59:43,457 - INFO - Assigned label: Better Air
2026-04-28 06:59:43,462 - INFO - Inserted 1 rows
2026-04-28 06:59:43,734 - INFO - Plots updated
2026-04-28 07:00:43,744 - INFO - Processing 1 rows
2026-04-28 07:00:43,778 - INFO - Assigned label: Better Air
2026-04-28 07:00:43,789 - INFO - Inserted 1 rows
2026-04-28 07:00:44,477 - INFO - Plots updated
2026-04-28 07:01:44,490 - INFO - Processing 1 rows
2026-04-28 07:01:44,526 - INFO - Assigned label: Better Air
2026-04-28 07:01:44,537 - INFO - Inserted 1 rows
2026-04-28 07:01:44,981 - INFO - Plots updated
2026-04-28 07:02:44,987 - INFO - Processing 1 rows
2026-04-28 07:02:45,002 - INFO - Assigned label: Better Air
2026-04-28 07:02:45,008 - INFO - Inserted 1 rows
2026-04-28 07:02:45,541 - INFO - Plots updated
2026-04-28 07:03:45,547 - INFO - Processing 1 rows
2026-04-28 07:03:45,562 - INFO - Assigned label: Better Air
2026-04-28 07:03:45,567 - INFO - Inserted 1 rows
2026-04-28 07:03:45,851 - INFO - Plots updated
2026-04-28 07:04:45,855 - INFO - Processing 1 rows
2026-04-28 07:04:45,867 - INFO - Assigned label: Better Air
2026-04-28 07:04:45,871 - INFO - Inserted 1 rows
2026-04-28 07:04:46,141 - INFO - Plots updated
2026-04-28 07:05:46,150 - INFO - Processing 1 rows
2026-04-28 07:05:46,169 - INFO - Assigned label: Better Air
2026-04-28 07:05:46,177 - INFO - Inserted 1 rows
2026-04-28 07:05:46,456 - INFO - Plots updated
2026-04-28 07:06:46,464 - INFO - Processing 1 rows
2026-04-28 07:06:46,481 - INFO - Assigned label: Better Air
2026-04-28 07:06:46,486 - INFO - Inserted 1 rows
2026-04-28 07:06:46,747 - INFO - Plots updated
2026-04-28 07:07:46,751 - INFO - Processing 1 rows
2026-04-28 07:07:46,765 - INFO - Assigned label: Better Air
2026-04-28 07:07:46,770 - INFO - Inserted 1 rows
2026-04-28 07:07:47,034 - INFO - Plots updated
2026-04-28 07:08:47,039 - INFO - Processing 1 rows
2026-04-28 07:08:47,053 - INFO - Assigned label: Better Air
2026-04-28 07:08:47,058 - INFO - Inserted 1 rows
2026-04-28 07:08:47,318 - INFO - Plots updated
2026-04-28 07:09:47,323 - INFO - Processing 1 rows
2026-04-28 07:09:47,338 - INFO - Assigned label: Better Air
2026-04-28 07:09:47,343 - INFO - Inserted 1 rows
2026-04-28 07:09:47,589 - INFO - Plots updated
2026-04-28 07:10:47,595 - INFO - Processing 1 rows
2026-04-28 07:10:47,612 - INFO - Assigned label: Better Air
2026-04-28 07:10:47,617 - INFO - Inserted 1 rows
2026-04-28 07:10:47,881 - INFO - Plots updated
2026-04-28 07:11:47,886 - INFO - Processing 1 rows
2026-04-28 07:11:47,899 - INFO - Assigned label: Better Air
2026-04-28 07:11:47,904 - INFO - Inserted 1 rows
2026-04-28 07:11:48,211 - INFO - Plots updated
2026-04-28 07:12:48,216 - INFO - Processing 1 rows
2026-04-28 07:12:48,230 - INFO - Assigned label: Better Air
2026-04-28 07:12:48,235 - INFO - Inserted 1 rows
2026-04-28 07:12:48,805 - INFO - Plots updated
2026-04-28 07:13:48,810 - INFO - Processing 1 rows
2026-04-28 07:13:48,825 - INFO - Assigned label: Better Air
2026-04-28 07:13:48,830 - INFO - Inserted 1 rows
2026-04-28 07:13:49,096 - INFO - Plots updated
2026-04-28 07:14:49,105 - INFO - Processing 1 rows
2026-04-28 07:14:49,140 - INFO - Assigned label: Better Air
2026-04-28 07:14:49,149 - INFO - Inserted 1 rows
2026-04-28 07:14:49,548 - INFO - Plots updated
2026-04-28 07:15:49,558 - INFO - Processing 1 rows
2026-04-28 07:15:49,589 - INFO - Assigned label: Better Air
2026-04-28 07:15:49,599 - INFO - Inserted 1 rows
2026-04-28 07:15:50,142 - INFO - Plots updated
2026-04-28 07:16:50,151 - INFO - Processing 1 rows
2026-04-28 07:16:50,182 - INFO - Assigned label: Better Air
2026-04-28 07:16:50,192 - INFO - Inserted 1 rows
2026-04-28 07:16:50,558 - INFO - Plots updated
2026-04-28 07:17:50,569 - INFO - Processing 1 rows
2026-04-28 07:17:50,601 - INFO - Assigned label: Better Air
2026-04-28 07:17:50,610 - INFO - Inserted 1 rows
2026-04-28 07:17:51,248 - INFO - Plots updated
2026-04-28 07:18:51,256 - INFO - Processing 1 rows
2026-04-28 07:18:51,280 - INFO - Assigned label: Better Air
2026-04-28 07:18:51,289 - INFO - Inserted 1 rows
2026-04-28 07:18:51,844 - INFO - Plots updated
2026-04-28 07:19:51,850 - INFO - Processing 1 rows
2026-04-28 07:19:51,864 - INFO - Assigned label: Better Air
2026-04-28 07:19:51,869 - INFO - Inserted 1 rows
2026-04-28 07:19:52,122 - INFO - Plots updated
2026-04-28 07:20:52,126 - INFO - Processing 1 rows
2026-04-28 07:20:52,139 - INFO - Assigned label: Better Air
2026-04-28 07:20:52,143 - INFO - Inserted 1 rows
2026-04-28 07:20:52,412 - INFO - Plots updated
2026-04-28 07:21:52,420 - INFO - Processing 1 rows
2026-04-28 07:21:52,450 - INFO - Assigned label: Better Air
2026-04-28 07:21:52,459 - INFO - Inserted 1 rows
2026-04-28 07:21:52,824 - INFO - Plots updated
2026-04-28 07:22:52,835 - INFO - Processing 1 rows
2026-04-28 07:22:52,867 - INFO - Assigned label: Better Air
2026-04-28 07:22:52,878 - INFO - Inserted 1 rows
2026-04-28 07:22:53,573 - INFO - Plots updated
2026-04-28 07:23:53,584 - INFO - Processing 1 rows
2026-04-28 07:23:53,627 - INFO - Assigned label: Better Air
2026-04-28 07:23:53,638 - INFO - Inserted 1 rows
2026-04-28 07:23:54,941 - INFO - Plots updated
2026-04-28 07:24:54,946 - INFO - Processing 1 rows
2026-04-28 07:24:54,960 - INFO - Assigned label: Better Air
2026-04-28 07:24:54,965 - INFO - Inserted 1 rows
2026-04-28 07:24:55,252 - INFO - Plots updated
2026-04-28 07:25:55,264 - INFO - Processing 1 rows
2026-04-28 07:25:55,296 - INFO - Assigned label: Better Air
2026-04-28 07:25:55,305 - INFO - Inserted 1 rows
2026-04-28 07:25:56,001 - INFO - Plots updated
2026-04-28 07:26:56,010 - INFO - Processing 1 rows
2026-04-28 07:26:56,043 - INFO - Assigned label: Better Air
2026-04-28 07:26:56,052 - INFO - Inserted 1 rows
2026-04-28 07:26:56,642 - INFO - Plots updated
2026-04-28 07:27:56,652 - INFO - Processing 1 rows
2026-04-28 07:27:56,684 - INFO - Assigned label: Better Air
2026-04-28 07:27:56,694 - INFO - Inserted 1 rows
2026-04-28 07:27:57,370 - INFO - Plots updated
2026-04-28 07:28:57,374 - INFO - Processing 1 rows
2026-04-28 07:28:57,390 - INFO - Assigned label: Better Air
2026-04-28 07:28:57,394 - INFO - Inserted 1 rows
2026-04-28 07:28:57,636 - INFO - Plots updated
2026-04-28 07:29:57,642 - INFO - Processing 1 rows
2026-04-28 07:29:57,658 - INFO - Assigned label: Better Air
2026-04-28 07:29:57,664 - INFO - Inserted 1 rows
2026-04-28 07:29:57,916 - INFO - Plots updated
2026-04-28 07:30:57,925 - INFO - Processing 1 rows
2026-04-28 07:30:57,961 - INFO - Assigned label: Better Air
2026-04-28 07:30:57,971 - INFO - Inserted 1 rows
2026-04-28 07:30:58,250 - INFO - Plots updated
2026-04-28 07:31:58,263 - INFO - Processing 1 rows
2026-04-28 07:31:58,295 - INFO - Assigned label: Better Air
2026-04-28 07:31:58,306 - INFO - Inserted 1 rows
2026-04-28 07:31:58,878 - INFO - Plots updated
2026-04-28 07:32:58,887 - INFO - Processing 1 rows
2026-04-28 07:32:58,919 - INFO - Assigned label: Better Air
2026-04-28 07:32:58,933 - INFO - Inserted 1 rows
2026-04-28 07:32:59,609 - INFO - Plots updated
2026-04-28 07:33:59,618 - INFO - Processing 1 rows
2026-04-28 07:33:59,642 - INFO - Assigned label: Better Air
2026-04-28 07:33:59,648 - INFO - Inserted 1 rows
2026-04-28 07:33:59,894 - INFO - Plots updated
2026-04-28 07:34:59,904 - INFO - Processing 1 rows
2026-04-28 07:34:59,939 - INFO - Assigned label: Better Air
2026-04-28 07:34:59,950 - INFO - Inserted 1 rows
2026-04-28 07:35:01,512 - INFO - Plots updated
2026-04-28 07:36:01,518 - INFO - Processing 1 rows
2026-04-28 07:36:01,538 - INFO - Assigned label: Better Air
2026-04-28 07:36:01,545 - INFO - Inserted 1 rows
2026-04-28 07:36:01,890 - INFO - Plots updated
2026-04-28 07:37:01,901 - INFO - Processing 1 rows
2026-04-28 07:37:01,928 - INFO - Assigned label: Better Air
2026-04-28 07:37:01,938 - INFO - Inserted 1 rows
2026-04-28 07:37:02,290 - INFO - Plots updated
2026-04-28 07:38:02,305 - INFO - Processing 1 rows
2026-04-28 07:38:02,351 - INFO - Assigned label: Better Air
2026-04-28 07:38:02,364 - INFO - Inserted 1 rows
2026-04-28 07:38:03,241 - INFO - Plots updated
2026-04-28 07:39:03,247 - INFO - Processing 1 rows
2026-04-28 07:39:03,267 - INFO - Assigned label: Better Air
2026-04-28 07:39:03,275 - INFO - Inserted 1 rows
2026-04-28 07:39:03,980 - INFO - Plots updated
2026-04-28 07:40:03,986 - INFO - Processing 1 rows
2026-04-28 07:40:04,003 - INFO - Assigned label: Better Air
2026-04-28 07:40:04,008 - INFO - Inserted 1 rows
2026-04-28 07:40:04,320 - INFO - Plots updated
2026-04-28 07:41:04,324 - INFO - Processing 1 rows
2026-04-28 07:41:04,338 - INFO - Assigned label: Better Air
2026-04-28 07:41:04,343 - INFO - Inserted 1 rows
2026-04-28 07:41:04,609 - INFO - Plots updated
2026-04-28 07:42:04,618 - INFO - Processing 1 rows
2026-04-28 07:42:04,654 - INFO - Assigned label: Better Air
2026-04-28 07:42:04,664 - INFO - Inserted 1 rows
2026-04-28 07:42:05,315 - INFO - Plots updated
2026-04-28 07:43:05,325 - INFO - Processing 1 rows
2026-04-28 07:43:05,354 - INFO - Assigned label: Better Air
2026-04-28 07:43:05,364 - INFO - Inserted 1 rows
2026-04-28 07:43:06,000 - INFO - Plots updated
2026-04-28 07:44:06,005 - INFO - Processing 1 rows
2026-04-28 07:44:06,018 - INFO - Assigned label: Better Air
2026-04-28 07:44:06,023 - INFO - Inserted 1 rows
2026-04-28 07:44:06,290 - INFO - Plots updated
2026-04-28 07:45:06,327 - INFO - Processing 1 rows
2026-04-28 07:45:06,486 - INFO - Assigned label: Better Air
2026-04-28 07:45:06,536 - INFO - Inserted 1 rows
2026-04-28 07:45:09,676 - INFO - Plots updated
2026-04-28 07:46:09,685 - INFO - Processing 1 rows
2026-04-28 07:46:09,715 - INFO - Assigned label: Better Air
2026-04-28 07:46:09,724 - INFO - Inserted 1 rows
2026-04-28 07:46:11,008 - INFO - Plots updated
2026-04-28 07:47:11,013 - INFO - Processing 1 rows
2026-04-28 07:47:11,028 - INFO - Assigned label: Better Air
2026-04-28 07:47:11,033 - INFO - Inserted 1 rows
2026-04-28 07:47:11,286 - INFO - Plots updated
2026-04-28 07:48:11,291 - INFO - Processing 1 rows
2026-04-28 07:48:11,302 - INFO - Assigned label: Better Air
2026-04-28 07:48:11,306 - INFO - Inserted 1 rows
2026-04-28 07:48:11,542 - INFO - Plots updated
2026-04-28 07:49:11,548 - INFO - Processing 1 rows
2026-04-28 07:49:11,565 - INFO - Assigned label: Better Air
2026-04-28 07:49:11,569 - INFO - Inserted 1 rows
2026-04-28 07:49:11,815 - INFO - Plots updated
2026-04-28 07:50:11,821 - INFO - Processing 1 rows
2026-04-28 07:50:11,834 - INFO - Assigned label: Better Air
2026-04-28 07:50:11,838 - INFO - Inserted 1 rows
2026-04-28 07:50:12,085 - INFO - Plots updated
2026-04-28 07:51:12,090 - INFO - Processing 1 rows
2026-04-28 07:51:12,104 - INFO - Assigned label: Better Air
2026-04-28 07:51:12,110 - INFO - Inserted 1 rows
2026-04-28 07:51:12,438 - INFO - Plots updated
2026-04-28 07:52:12,443 - INFO - Processing 1 rows
2026-04-28 07:52:12,461 - INFO - Assigned label: Better Air
2026-04-28 07:52:12,466 - INFO - Inserted 1 rows
2026-04-28 07:52:12,745 - INFO - Plots updated
2026-04-28 07:53:12,754 - INFO - Processing 1 rows
2026-04-28 07:53:12,783 - INFO - Assigned label: Better Air
2026-04-28 07:53:12,793 - INFO - Inserted 1 rows
2026-04-28 07:53:13,076 - INFO - Plots updated
2026-04-28 07:54:13,092 - INFO - Processing 1 rows
2026-04-28 07:54:13,129 - INFO - Assigned label: Better Air
2026-04-28 07:54:13,143 - INFO - Inserted 1 rows
2026-04-28 07:54:13,640 - INFO - Plots updated
2026-04-28 07:55:13,652 - INFO - Processing 1 rows
2026-04-28 07:55:13,685 - INFO - Assigned label: Better Air
2026-04-28 07:55:13,696 - INFO - Inserted 1 rows
2026-04-28 07:55:14,102 - INFO - Plots updated
2026-04-28 07:56:14,114 - INFO - Processing 1 rows
2026-04-28 07:56:14,145 - INFO - Assigned label: Better Air
2026-04-28 07:56:14,156 - INFO - Inserted 1 rows
2026-04-28 07:56:14,628 - INFO - Plots updated
2026-04-28 07:57:14,640 - INFO - Processing 1 rows
2026-04-28 07:57:14,672 - INFO - Assigned label: Better Air
2026-04-28 07:57:14,684 - INFO - Inserted 1 rows
2026-04-28 07:57:15,343 - INFO - Plots updated
2026-04-28 07:58:15,354 - INFO - Processing 1 rows
2026-04-28 07:58:15,384 - INFO - Assigned label: Better Air
2026-04-28 07:58:15,394 - INFO - Inserted 1 rows
2026-04-28 07:58:15,683 - INFO - Plots updated
2026-04-28 07:59:15,695 - INFO - Processing 1 rows
2026-04-28 07:59:15,723 - INFO - Assigned label: Better Air
2026-04-28 07:59:15,733 - INFO - Inserted 1 rows
2026-04-28 07:59:16,473 - INFO - Plots updated
2026-04-28 08:00:16,482 - INFO - Processing 1 rows
2026-04-28 08:00:16,509 - INFO - Assigned label: Better Air
2026-04-28 08:00:16,515 - INFO - Inserted 1 rows
2026-04-28 08:00:16,856 - INFO - Plots updated
2026-04-28 08:01:16,861 - INFO - Processing 1 rows
2026-04-28 08:01:16,875 - INFO - Assigned label: Better Air
2026-04-28 08:01:16,879 - INFO - Inserted 1 rows
2026-04-28 08:01:17,137 - INFO - Plots updated
2026-04-28 08:02:17,142 - INFO - Processing 1 rows
2026-04-28 08:02:17,154 - INFO - Assigned label: Better Air
2026-04-28 08:02:17,160 - INFO - Inserted 1 rows
2026-04-28 08:02:17,527 - INFO - Plots updated
2026-04-28 08:03:17,537 - INFO - Processing 1 rows
2026-04-28 08:03:17,570 - INFO - Assigned label: Better Air
2026-04-28 08:03:17,581 - INFO - Inserted 1 rows
2026-04-28 08:03:18,169 - INFO - Plots updated
2026-04-28 08:04:18,178 - INFO - Processing 1 rows
2026-04-28 08:04:18,214 - INFO - Assigned label: Better Air
2026-04-28 08:04:18,223 - INFO - Inserted 1 rows
2026-04-28 08:04:18,852 - INFO - Plots updated
2026-04-28 08:05:18,861 - INFO - Processing 1 rows
2026-04-28 08:05:18,895 - INFO - Assigned label: Better Air
2026-04-28 08:05:18,905 - INFO - Inserted 1 rows
2026-04-28 08:05:19,566 - INFO - Plots updated
2026-04-28 08:06:19,576 - INFO - Processing 1 rows
2026-04-28 08:06:19,605 - INFO - Assigned label: Better Air
2026-04-28 08:06:19,615 - INFO - Inserted 1 rows
2026-04-28 08:06:20,289 - INFO - Plots updated
2026-04-28 08:07:20,299 - INFO - Processing 2 rows
2026-04-28 08:07:20,334 - INFO - Assigned label: Better Air
2026-04-28 08:07:20,344 - INFO - Inserted 2 rows
2026-04-28 08:07:20,996 - INFO - Plots updated
2026-04-28 08:08:21,017 - INFO - Processing 1 rows
2026-04-28 08:08:21,091 - INFO - Assigned label: Better Air
2026-04-28 08:08:21,117 - INFO - Inserted 1 rows
2026-04-28 08:08:22,331 - INFO - Plots updated
2026-04-28 08:09:22,336 - INFO - No new data
2026-04-28 08:09:22,613 - INFO - Plots updated
2026-04-28 08:10:22,622 - INFO - No new data
2026-04-28 08:10:23,262 - INFO - Plots updated
2026-04-28 08:11:23,272 - INFO - Processing 1 rows
2026-04-28 08:11:23,301 - INFO - Assigned label: Better Air
2026-04-28 08:11:23,310 - INFO - Inserted 1 rows
2026-04-28 08:11:23,594 - INFO - Plots updated
2026-04-28 08:12:23,611 - INFO - Processing 1 rows
2026-04-28 08:12:23,640 - INFO - Assigned label: Better Air
2026-04-28 08:12:23,649 - INFO - Inserted 1 rows
2026-04-28 08:12:24,248 - INFO - Plots updated
2026-04-28 08:13:24,258 - INFO - Processing 1 rows
2026-04-28 08:13:24,284 - INFO - Assigned label: Better Air
2026-04-28 08:13:24,293 - INFO - Inserted 1 rows
2026-04-28 08:13:24,682 - INFO - Plots updated
2026-04-28 08:14:24,691 - INFO - Processing 1 rows
2026-04-28 08:14:24,720 - INFO - Assigned label: Better Air
2026-04-28 08:14:24,730 - INFO - Inserted 1 rows
2026-04-28 08:14:25,354 - INFO - Plots updated
2026-04-28 08:15:25,365 - INFO - Processing 1 rows
2026-04-28 08:15:25,399 - INFO - Assigned label: Better Air
2026-04-28 08:15:25,415 - INFO - Inserted 1 rows
2026-04-28 08:15:26,059 - INFO - Plots updated
2026-04-28 08:16:26,070 - INFO - Processing 1 rows
2026-04-28 08:16:26,109 - INFO - Assigned label: Better Air
2026-04-28 08:16:26,120 - INFO - Inserted 1 rows
2026-04-28 08:16:26,859 - INFO - Plots updated
2026-04-28 08:17:26,872 - INFO - Processing 1 rows
2026-04-28 08:17:26,911 - INFO - Assigned label: Better Air
2026-04-28 08:17:26,925 - INFO - Inserted 1 rows
2026-04-28 08:17:27,440 - INFO - Plots updated
2026-04-28 08:18:27,452 - INFO - Processing 1 rows
2026-04-28 08:18:27,480 - INFO - Assigned label: Better Air
2026-04-28 08:18:27,488 - INFO - Inserted 1 rows
2026-04-28 08:18:28,213 - INFO - Plots updated
2026-04-28 08:19:28,226 - INFO - Processing 1 rows
2026-04-28 08:19:28,267 - INFO - Assigned label: Better Air
2026-04-28 08:19:28,279 - INFO - Inserted 1 rows
2026-04-28 08:19:28,755 - INFO - Plots updated
2026-04-28 08:20:28,765 - INFO - Processing 1 rows
2026-04-28 08:20:28,809 - INFO - Assigned label: Better Air
2026-04-28 08:20:28,821 - INFO - Inserted 1 rows
2026-04-28 08:20:29,531 - INFO - Plots updated
2026-04-28 08:21:29,536 - INFO - Processing 1 rows
2026-04-28 08:21:29,548 - INFO - Assigned label: Better Air
2026-04-28 08:21:29,553 - INFO - Inserted 1 rows
2026-04-28 08:21:29,837 - INFO - Plots updated
2026-04-28 08:22:29,847 - INFO - Processing 1 rows
2026-04-28 08:22:29,876 - INFO - Assigned label: Better Air
2026-04-28 08:22:29,887 - INFO - Inserted 1 rows
2026-04-28 08:22:30,321 - INFO - Plots updated
2026-04-28 08:23:30,330 - INFO - Processing 1 rows
2026-04-28 08:23:30,364 - INFO - Assigned label: Better Air
2026-04-28 08:23:30,374 - INFO - Inserted 1 rows
2026-04-28 08:23:31,065 - INFO - Plots updated
2026-04-28 08:24:31,071 - INFO - Processing 1 rows
2026-04-28 08:24:31,085 - INFO - Assigned label: Better Air
2026-04-28 08:24:31,090 - INFO - Inserted 1 rows
2026-04-28 08:24:31,361 - INFO - Plots updated
2026-04-28 08:25:31,369 - INFO - Processing 1 rows
2026-04-28 08:25:31,404 - INFO - Assigned label: Better Air
2026-04-28 08:25:31,413 - INFO - Inserted 1 rows
2026-04-28 08:25:32,155 - INFO - Plots updated
2026-04-28 08:26:32,164 - INFO - Processing 1 rows
2026-04-28 08:26:32,199 - INFO - Assigned label: Better Air
2026-04-28 08:26:32,210 - INFO - Inserted 1 rows
2026-04-28 08:26:32,847 - INFO - Plots updated
2026-04-28 08:27:32,859 - INFO - Processing 1 rows
2026-04-28 08:27:32,897 - INFO - Assigned label: Better Air
2026-04-28 08:27:32,908 - INFO - Inserted 1 rows
2026-04-28 08:27:34,040 - INFO - Plots updated
2026-04-28 08:28:34,045 - INFO - Processing 1 rows
2026-04-28 08:28:34,057 - INFO - Assigned label: Better Air
2026-04-28 08:28:34,062 - INFO - Inserted 1 rows
2026-04-28 08:28:34,322 - INFO - Plots updated
2026-04-28 08:29:34,331 - INFO - Processing 1 rows
2026-04-28 08:29:34,360 - INFO - Assigned label: Better Air
2026-04-28 08:29:34,370 - INFO - Inserted 1 rows
2026-04-28 08:29:34,729 - INFO - Plots updated
2026-04-28 08:30:34,740 - INFO - Processing 1 rows
2026-04-28 08:30:34,772 - INFO - Assigned label: Better Air
2026-04-28 08:30:34,782 - INFO - Inserted 1 rows
2026-04-28 08:30:35,238 - INFO - Plots updated
2026-04-28 08:31:35,249 - INFO - Processing 1 rows
2026-04-28 08:31:35,285 - INFO - Assigned label: Better Air
2026-04-28 08:31:35,296 - INFO - Inserted 1 rows
2026-04-28 08:31:35,840 - INFO - Plots updated
2026-04-28 08:32:35,850 - INFO - Processing 1 rows
2026-04-28 08:32:35,883 - INFO - Assigned label: Better Air
2026-04-28 08:32:35,893 - INFO - Inserted 1 rows
2026-04-28 08:32:36,543 - INFO - Plots updated
2026-04-28 08:33:36,556 - INFO - Processing 1 rows
2026-04-28 08:33:36,595 - INFO - Assigned label: Better Air
2026-04-28 08:33:36,610 - INFO - Inserted 1 rows
2026-04-28 08:33:37,351 - INFO - Plots updated
2026-04-28 08:34:37,358 - INFO - Processing 1 rows
2026-04-28 08:34:37,374 - INFO - Assigned label: Better Air
2026-04-28 08:34:37,379 - INFO - Inserted 1 rows
2026-04-28 08:34:37,659 - INFO - Plots updated
2026-04-28 08:35:37,669 - INFO - Processing 1 rows
2026-04-28 08:35:37,699 - INFO - Assigned label: Better Air
2026-04-28 08:35:37,709 - INFO - Inserted 1 rows
2026-04-28 08:35:38,241 - INFO - Plots updated
2026-04-28 08:36:38,250 - INFO - Processing 1 rows
2026-04-28 08:36:38,281 - INFO - Assigned label: Better Air
2026-04-28 08:36:38,292 - INFO - Inserted 1 rows
2026-04-28 08:36:38,839 - INFO - Plots updated
2026-04-28 08:37:38,849 - INFO - Processing 1 rows
2026-04-28 08:37:38,877 - INFO - Assigned label: Better Air
2026-04-28 08:37:38,887 - INFO - Inserted 1 rows
2026-04-28 08:37:39,748 - INFO - Plots updated
2026-04-28 08:38:39,753 - INFO - Processing 1 rows
2026-04-28 08:38:39,768 - INFO - Assigned label: Better Air
2026-04-28 08:38:39,772 - INFO - Inserted 1 rows
2026-04-28 08:38:40,034 - INFO - Plots updated
2026-04-28 08:39:40,044 - INFO - Processing 1 rows
2026-04-28 08:39:40,074 - INFO - Assigned label: Better Air
2026-04-28 08:39:40,083 - INFO - Inserted 1 rows
2026-04-28 08:39:40,436 - INFO - Plots updated
2026-04-28 08:40:40,447 - INFO - Processing 1 rows
2026-04-28 08:40:40,483 - INFO - Assigned label: Better Air
2026-04-28 08:40:40,494 - INFO - Inserted 1 rows
2026-04-28 08:40:41,104 - INFO - Plots updated
2026-04-28 08:41:41,113 - INFO - Processing 1 rows
2026-04-28 08:41:41,150 - INFO - Assigned label: Better Air
2026-04-28 08:41:41,160 - INFO - Inserted 1 rows
2026-04-28 08:41:41,833 - INFO - Plots updated
2026-04-28 08:42:41,841 - INFO - Processing 1 rows
2026-04-28 08:42:41,872 - INFO - Assigned label: Better Air
2026-04-28 08:42:41,882 - INFO - Inserted 1 rows
2026-04-28 08:42:42,379 - INFO - Plots updated
2026-04-28 08:43:42,389 - INFO - Processing 1 rows
2026-04-28 08:43:42,418 - INFO - Assigned label: Better Air
2026-04-28 08:43:42,427 - INFO - Inserted 1 rows
2026-04-28 08:43:42,706 - INFO - Plots updated
2026-04-28 08:44:42,716 - INFO - Processing 1 rows
2026-04-28 08:44:42,749 - INFO - Assigned label: Better Air
2026-04-28 08:44:42,758 - INFO - Inserted 1 rows
2026-04-28 08:44:43,348 - INFO - Plots updated
2026-04-28 08:45:43,360 - INFO - Processing 1 rows
2026-04-28 08:45:43,392 - INFO - Assigned label: Better Air
2026-04-28 08:45:43,400 - INFO - Inserted 1 rows
2026-04-28 08:45:43,918 - INFO - Plots updated
2026-04-28 08:46:43,927 - INFO - Processing 1 rows
2026-04-28 08:46:43,952 - INFO - Assigned label: Better Air
2026-04-28 08:46:43,959 - INFO - Inserted 1 rows
2026-04-28 08:46:44,979 - INFO - Plots updated
2026-04-28 08:47:44,984 - INFO - Processing 1 rows
2026-04-28 08:47:44,997 - INFO - Assigned label: Better Air
2026-04-28 08:47:45,002 - INFO - Inserted 1 rows
2026-04-28 08:47:45,261 - INFO - Plots updated
2026-04-28 08:48:45,270 - INFO - Processing 1 rows
2026-04-28 08:48:45,296 - INFO - Assigned label: Better Air
2026-04-28 08:48:45,305 - INFO - Inserted 1 rows
2026-04-28 08:48:45,724 - INFO - Plots updated
2026-04-28 08:49:45,733 - INFO - Processing 1 rows
2026-04-28 08:49:45,762 - INFO - Assigned label: Better Air
2026-04-28 08:49:45,770 - INFO - Inserted 1 rows
2026-04-28 08:49:46,148 - INFO - Plots updated
2026-04-28 08:50:46,158 - INFO - Processing 1 rows
2026-04-28 08:50:46,191 - INFO - Assigned label: Better Air
2026-04-28 08:50:46,201 - INFO - Inserted 1 rows
2026-04-28 08:50:46,889 - INFO - Plots updated
2026-04-28 08:51:46,899 - INFO - Processing 1 rows
2026-04-28 08:51:46,939 - INFO - Assigned label: Better Air
2026-04-28 08:51:46,948 - INFO - Inserted 1 rows
2026-04-28 08:51:47,540 - INFO - Plots updated
2026-04-28 08:52:47,551 - INFO - Processing 1 rows
2026-04-28 08:52:47,579 - INFO - Assigned label: Better Air
2026-04-28 08:52:47,590 - INFO - Inserted 1 rows
2026-04-28 08:52:48,237 - INFO - Plots updated
2026-04-28 08:53:48,243 - INFO - Processing 1 rows
2026-04-28 08:53:48,259 - INFO - Assigned label: Better Air
2026-04-28 08:53:48,265 - INFO - Inserted 1 rows
2026-04-28 08:53:48,527 - INFO - Plots updated
2026-04-28 08:54:48,537 - INFO - Processing 1 rows
2026-04-28 08:54:48,594 - INFO - Assigned label: Better Air
2026-04-28 08:54:48,605 - INFO - Inserted 1 rows
2026-04-28 08:54:49,224 - INFO - Plots updated
2026-04-28 08:55:49,234 - INFO - Processing 1 rows
2026-04-28 08:55:49,261 - INFO - Assigned label: Better Air
2026-04-28 08:55:49,270 - INFO - Inserted 1 rows
2026-04-28 08:55:49,849 - INFO - Plots updated
2026-04-28 08:56:49,859 - INFO - Processing 1 rows
2026-04-28 08:56:49,895 - INFO - Assigned label: Better Air
2026-04-28 08:56:49,905 - INFO - Inserted 1 rows
2026-04-28 08:56:50,505 - INFO - Plots updated
2026-04-28 08:57:50,517 - INFO - Processing 1 rows
2026-04-28 08:57:50,546 - INFO - Assigned label: Better Air
2026-04-28 08:57:50,555 - INFO - Inserted 1 rows
2026-04-28 08:57:51,737 - INFO - Plots updated
2026-04-28 08:58:51,750 - INFO - Processing 1 rows
2026-04-28 08:58:51,785 - INFO - Assigned label: Better Air
2026-04-28 08:58:51,792 - INFO - Inserted 1 rows
2026-04-28 08:58:52,204 - INFO - Plots updated
2026-04-28 08:59:52,208 - INFO - Processing 1 rows
2026-04-28 08:59:52,220 - INFO - Assigned label: Better Air
2026-04-28 08:59:52,224 - INFO - Inserted 1 rows
2026-04-28 08:59:52,478 - INFO - Plots updated
2026-04-28 09:00:52,482 - INFO - Processing 1 rows
2026-04-28 09:00:52,495 - INFO - Assigned label: Better Air
2026-04-28 09:00:52,499 - INFO - Inserted 1 rows
2026-04-28 09:00:52,751 - INFO - Plots updated
2026-04-28 09:01:52,761 - INFO - Processing 1 rows
2026-04-28 09:01:52,777 - INFO - Assigned label: Better Air
2026-04-28 09:01:52,782 - INFO - Inserted 1 rows
2026-04-28 09:01:53,047 - INFO - Plots updated
2026-04-28 09:02:53,054 - INFO - Processing 1 rows
2026-04-28 09:02:53,069 - INFO - Assigned label: Better Air
2026-04-28 09:02:53,075 - INFO - Inserted 1 rows
2026-04-28 09:02:53,376 - INFO - Plots updated
2026-04-28 09:03:53,417 - INFO - Processing 1 rows
2026-04-28 09:03:53,527 - INFO - Assigned label: Better Air
2026-04-28 09:03:53,562 - INFO - Inserted 1 rows
2026-04-28 09:03:54,590 - INFO - Plots updated
2026-04-28 09:04:54,598 - INFO - Processing 2 rows
2026-04-28 09:04:54,637 - INFO - Assigned label: Better Air
2026-04-28 09:04:54,648 - INFO - Inserted 2 rows
2026-04-28 09:04:55,299 - INFO - Plots updated
2026-04-28 09:05:55,342 - INFO - Processing 1 rows
2026-04-28 09:05:55,466 - INFO - Assigned label: Better Air
2026-04-28 09:05:55,499 - INFO - Inserted 1 rows
2026-04-28 09:05:56,164 - INFO - Plots updated
2026-04-28 09:06:56,176 - INFO - Processing 1 rows
2026-04-28 09:06:56,207 - INFO - Assigned label: Better Air
2026-04-28 09:06:56,216 - INFO - Inserted 1 rows
2026-04-28 09:06:56,806 - INFO - Plots updated
2026-04-28 09:07:56,815 - INFO - Processing 1 rows
2026-04-28 09:07:56,847 - INFO - Assigned label: Better Air
2026-04-28 09:07:56,858 - INFO - Inserted 1 rows
2026-04-28 09:07:58,142 - INFO - Plots updated
2026-04-28 09:08:58,153 - INFO - Processing 1 rows
2026-04-28 09:08:58,185 - INFO - Assigned label: Better Air
2026-04-28 09:08:58,197 - INFO - Inserted 1 rows
2026-04-28 09:08:58,850 - INFO - Plots updated
2026-04-28 09:09:58,862 - INFO - Processing 1 rows
2026-04-28 09:09:58,900 - INFO - Assigned label: Better Air
2026-04-28 09:09:58,911 - INFO - Inserted 1 rows
2026-04-28 09:09:59,212 - INFO - Plots updated
2026-04-28 09:10:59,221 - INFO - Processing 1 rows
2026-04-28 09:10:59,252 - INFO - Assigned label: Better Air
2026-04-28 09:10:59,261 - INFO - Inserted 1 rows
2026-04-28 09:10:59,762 - INFO - Plots updated
2026-04-28 09:11:59,773 - INFO - Processing 1 rows
2026-04-28 09:11:59,805 - INFO - Assigned label: Better Air
2026-04-28 09:11:59,815 - INFO - Inserted 1 rows
2026-04-28 09:12:00,516 - INFO - Plots updated
2026-04-28 09:13:00,526 - INFO - Processing 1 rows
2026-04-28 09:13:00,559 - INFO - Assigned label: Better Air
2026-04-28 09:13:00,571 - INFO - Inserted 1 rows
2026-04-28 09:13:00,972 - INFO - Plots updated
2026-04-28 09:14:00,976 - INFO - Processing 1 rows
2026-04-28 09:14:00,990 - INFO - Assigned label: Better Air
2026-04-28 09:14:00,996 - INFO - Inserted 1 rows
2026-04-28 09:14:01,313 - INFO - Plots updated
2026-04-28 09:15:01,319 - INFO - Processing 1 rows
2026-04-28 09:15:01,341 - INFO - Assigned label: Better Air
2026-04-28 09:15:01,348 - INFO - Inserted 1 rows
2026-04-28 09:15:02,821 - INFO - Plots updated
2026-04-28 09:16:02,826 - INFO - Processing 1 rows
2026-04-28 09:16:02,839 - INFO - Assigned label: Better Air
2026-04-28 09:16:02,843 - INFO - Inserted 1 rows
2026-04-28 09:16:03,098 - INFO - Plots updated
2026-04-28 09:17:03,106 - INFO - Processing 1 rows
2026-04-28 09:17:03,121 - INFO - Assigned label: Better Air
2026-04-28 09:17:03,127 - INFO - Inserted 1 rows
2026-04-28 09:17:03,381 - INFO - Plots updated
2026-04-28 09:18:03,389 - INFO - Processing 1 rows
2026-04-28 09:18:03,405 - INFO - Assigned label: Better Air
2026-04-28 09:18:03,411 - INFO - Inserted 1 rows
2026-04-28 09:18:04,449 - INFO - Plots updated
2026-04-28 09:19:04,477 - INFO - Processing 1 rows
2026-04-28 09:19:04,545 - INFO - Assigned label: Better Air
2026-04-28 09:19:04,567 - INFO - Inserted 1 rows
2026-04-28 09:19:05,058 - INFO - Plots updated
2026-04-28 09:20:05,064 - INFO - Processing 1 rows
2026-04-28 09:20:05,086 - INFO - Assigned label: Better Air
2026-04-28 09:20:05,095 - INFO - Inserted 1 rows
2026-04-28 09:20:05,683 - INFO - Plots updated
2026-04-28 09:21:05,694 - INFO - Processing 1 rows
2026-04-28 09:21:05,735 - INFO - Assigned label: Better Air
2026-04-28 09:21:05,746 - INFO - Inserted 1 rows
2026-04-28 09:21:06,389 - INFO - Plots updated
2026-04-28 09:22:06,400 - INFO - Processing 1 rows
2026-04-28 09:22:06,429 - INFO - Assigned label: Better Air
2026-04-28 09:22:06,437 - INFO - Inserted 1 rows
2026-04-28 09:22:07,083 - INFO - Plots updated
2026-04-28 09:23:07,094 - INFO - Processing 1 rows
2026-04-28 09:23:07,128 - INFO - Assigned label: Better Air
2026-04-28 09:23:07,137 - INFO - Inserted 1 rows
2026-04-28 09:23:07,895 - INFO - Plots updated
2026-04-28 09:24:07,905 - INFO - Processing 1 rows
2026-04-28 09:24:07,943 - INFO - Assigned label: Better Air
2026-04-28 09:24:07,954 - INFO - Inserted 1 rows
2026-04-28 09:24:08,735 - INFO - Plots updated
2026-04-28 09:25:08,750 - INFO - Processing 1 rows
2026-04-28 09:25:08,785 - INFO - Assigned label: Better Air
2026-04-28 09:25:08,799 - INFO - Inserted 1 rows
2026-04-28 09:25:09,253 - INFO - Plots updated
2026-04-28 09:26:09,263 - INFO - Processing 1 rows
2026-04-28 09:26:09,296 - INFO - Assigned label: Better Air
2026-04-28 09:26:09,305 - INFO - Inserted 1 rows
2026-04-28 09:26:10,036 - INFO - Plots updated
2026-04-28 09:27:10,046 - INFO - Processing 1 rows
2026-04-28 09:27:10,095 - INFO - Assigned label: Better Air
2026-04-28 09:27:10,107 - INFO - Inserted 1 rows
2026-04-28 09:27:11,425 - INFO - Plots updated
2026-04-28 09:28:11,431 - INFO - Processing 1 rows
2026-04-28 09:28:11,447 - INFO - Assigned label: Better Air
2026-04-28 09:28:11,454 - INFO - Inserted 1 rows
2026-04-28 09:28:11,750 - INFO - Plots updated
2026-04-28 09:29:11,755 - INFO - Processing 1 rows
2026-04-28 09:29:11,768 - INFO - Assigned label: Better Air
2026-04-28 09:29:11,772 - INFO - Inserted 1 rows
2026-04-28 09:29:12,052 - INFO - Plots updated
2026-04-28 09:30:12,080 - INFO - Processing 1 rows
2026-04-28 09:30:12,212 - INFO - Assigned label: Better Air
2026-04-28 09:30:12,254 - INFO - Inserted 1 rows
2026-04-28 09:30:13,329 - INFO - Plots updated
2026-04-28 09:31:13,339 - INFO - Processing 1 rows
2026-04-28 09:31:13,370 - INFO - Assigned label: Better Air
2026-04-28 09:31:13,378 - INFO - Inserted 1 rows
2026-04-28 09:31:13,979 - INFO - Plots updated
2026-04-28 09:32:13,987 - INFO - Processing 1 rows
2026-04-28 09:32:14,018 - INFO - Assigned label: Better Air
2026-04-28 09:32:14,027 - INFO - Inserted 1 rows
2026-04-28 09:32:14,645 - INFO - Plots updated
2026-04-28 09:33:14,654 - INFO - Processing 1 rows
2026-04-28 09:33:14,685 - INFO - Assigned label: Better Air
2026-04-28 09:33:14,696 - INFO - Inserted 1 rows
2026-04-28 09:33:15,120 - INFO - Plots updated
2026-04-28 09:34:15,125 - INFO - Processing 1 rows
2026-04-28 09:34:15,141 - INFO - Assigned label: Better Air
2026-04-28 09:34:15,146 - INFO - Inserted 1 rows
2026-04-28 09:34:15,409 - INFO - Plots updated
2026-04-28 09:35:15,419 - INFO - Processing 1 rows
2026-04-28 09:35:15,448 - INFO - Assigned label: Better Air
2026-04-28 09:35:15,458 - INFO - Inserted 1 rows
2026-04-28 09:35:16,083 - INFO - Plots updated
2026-04-28 09:36:16,095 - INFO - Processing 1 rows
2026-04-28 09:36:16,124 - INFO - Assigned label: Better Air
2026-04-28 09:36:16,137 - INFO - Inserted 1 rows
2026-04-28 09:36:16,477 - INFO - Plots updated
2026-04-28 09:37:16,487 - INFO - Processing 1 rows
2026-04-28 09:37:16,533 - INFO - Assigned label: Better Air
2026-04-28 09:37:16,543 - INFO - Inserted 1 rows
2026-04-28 09:37:17,186 - INFO - Plots updated
2026-04-28 09:38:17,199 - INFO - Processing 1 rows
2026-04-28 09:38:17,232 - INFO - Assigned label: Better Air
2026-04-28 09:38:17,241 - INFO - Inserted 1 rows
2026-04-28 09:38:17,784 - INFO - Plots updated
2026-04-28 09:39:17,793 - INFO - Processing 1 rows
2026-04-28 09:39:17,826 - INFO - Assigned label: Better Air
2026-04-28 09:39:17,839 - INFO - Inserted 1 rows
2026-04-28 09:39:18,399 - INFO - Plots updated
2026-04-28 09:40:18,409 - INFO - Processing 1 rows
2026-04-28 09:40:18,439 - INFO - Assigned label: Better Air
2026-04-28 09:40:18,448 - INFO - Inserted 1 rows
2026-04-28 09:40:19,059 - INFO - Plots updated
2026-04-28 09:41:19,063 - INFO - Processing 1 rows
2026-04-28 09:41:19,075 - INFO - Assigned label: Better Air
2026-04-28 09:41:19,079 - INFO - Inserted 1 rows
2026-04-28 09:41:19,315 - INFO - Plots updated
2026-04-28 09:42:19,326 - INFO - Processing 1 rows
2026-04-28 09:42:19,359 - INFO - Assigned label: Better Air
2026-04-28 09:42:19,369 - INFO - Inserted 1 rows
2026-04-28 09:42:19,951 - INFO - Plots updated
2026-04-28 09:43:19,960 - INFO - Processing 1 rows
2026-04-28 09:43:19,984 - INFO - Assigned label: Better Air
2026-04-28 09:43:19,994 - INFO - Inserted 1 rows
2026-04-28 09:43:20,348 - INFO - Plots updated
2026-04-28 09:44:20,430 - INFO - Processing 1 rows
2026-04-28 09:44:20,711 - INFO - Assigned label: Better Air
2026-04-28 09:44:20,801 - INFO - Inserted 1 rows
2026-04-28 09:44:22,832 - INFO - Plots updated
2026-04-28 09:45:22,856 - INFO - Processing 1 rows
2026-04-28 09:45:22,912 - INFO - Assigned label: Better Air
2026-04-28 09:45:22,921 - INFO - Inserted 1 rows
2026-04-28 09:45:23,315 - INFO - Plots updated
2026-04-28 09:46:23,321 - INFO - Processing 1 rows
2026-04-28 09:46:23,336 - INFO - Assigned label: Better Air
2026-04-28 09:46:23,341 - INFO - Inserted 1 rows
2026-04-28 09:46:23,877 - INFO - Plots updated
2026-04-28 09:47:23,887 - INFO - Processing 1 rows
2026-04-28 09:47:23,901 - INFO - Assigned label: Better Air
2026-04-28 09:47:23,906 - INFO - Inserted 1 rows
2026-04-28 09:47:24,213 - INFO - Plots updated
2026-04-28 09:48:24,218 - INFO - Processing 1 rows
2026-04-28 09:48:24,236 - INFO - Assigned label: Better Air
2026-04-28 09:48:24,241 - INFO - Inserted 1 rows
2026-04-28 09:48:24,537 - INFO - Plots updated
2026-04-28 09:49:24,542 - INFO - Processing 1 rows
2026-04-28 09:49:24,557 - INFO - Assigned label: Better Air
2026-04-28 09:49:24,563 - INFO - Inserted 1 rows
2026-04-28 09:49:24,820 - INFO - Plots updated
2026-04-28 09:50:24,839 - INFO - Processing 1 rows
2026-04-28 09:50:24,918 - INFO - Assigned label: Better Air
2026-04-28 09:50:24,934 - INFO - Inserted 1 rows
2026-04-28 09:50:25,666 - INFO - Plots updated
2026-04-28 09:51:25,676 - INFO - Processing 1 rows
2026-04-28 09:51:25,710 - INFO - Assigned label: Better Air
2026-04-28 09:51:25,719 - INFO - Inserted 1 rows
2026-04-28 09:51:26,370 - INFO - Plots updated
2026-04-28 09:52:26,421 - INFO - Processing 1 rows
2026-04-28 09:52:26,785 - INFO - Assigned label: Better Air
2026-04-28 09:52:26,863 - INFO - Inserted 1 rows
2026-04-28 09:52:30,788 - INFO - Plots updated
2026-04-28 09:53:30,793 - INFO - Processing 1 rows
2026-04-28 09:53:30,810 - INFO - Assigned label: Better Air
2026-04-28 09:53:30,817 - INFO - Inserted 1 rows
2026-04-28 09:53:31,080 - INFO - Plots updated
2026-04-28 09:54:31,086 - INFO - Processing 1 rows
2026-04-28 09:54:31,100 - INFO - Assigned label: Better Air
2026-04-28 09:54:31,104 - INFO - Inserted 1 rows
2026-04-28 09:54:31,362 - INFO - Plots updated
2026-04-28 09:55:31,366 - INFO - Processing 1 rows
2026-04-28 09:55:31,382 - INFO - Assigned label: Better Air
2026-04-28 09:55:31,386 - INFO - Inserted 1 rows
2026-04-28 09:55:31,641 - INFO - Plots updated
2026-04-28 09:56:31,646 - INFO - Processing 1 rows
2026-04-28 09:56:31,661 - INFO - Assigned label: Better Air
2026-04-28 09:56:31,665 - INFO - Inserted 1 rows
2026-04-28 09:56:31,938 - INFO - Plots updated
2026-04-28 09:57:31,942 - INFO - Processing 1 rows
2026-04-28 09:57:31,955 - INFO - Assigned label: Better Air
2026-04-28 09:57:31,959 - INFO - Inserted 1 rows
2026-04-28 09:57:32,483 - INFO - Plots updated
2026-04-28 09:58:32,488 - INFO - Processing 1 rows
2026-04-28 09:58:32,505 - INFO - Assigned label: Better Air
2026-04-28 09:58:32,510 - INFO - Inserted 1 rows
2026-04-28 09:58:32,819 - INFO - Plots updated
2026-04-28 09:59:32,824 - INFO - Processing 1 rows
2026-04-28 09:59:32,840 - INFO - Assigned label: Better Air
2026-04-28 09:59:32,845 - INFO - Inserted 1 rows
2026-04-28 09:59:33,120 - INFO - Plots updated
2026-04-28 10:00:33,129 - INFO - Processing 1 rows
2026-04-28 10:00:33,158 - INFO - Assigned label: Better Air
2026-04-28 10:00:33,167 - INFO - Inserted 1 rows
2026-04-28 10:00:33,738 - INFO - Plots updated
2026-04-28 10:01:33,742 - INFO - Processing 1 rows
2026-04-28 10:01:33,755 - INFO - Assigned label: Better Air
2026-04-28 10:01:33,759 - INFO - Inserted 1 rows
2026-04-28 10:01:34,016 - INFO - Plots updated
2026-04-28 10:02:34,027 - INFO - Processing 1 rows
2026-04-28 10:02:34,064 - INFO - Assigned label: Better Air
2026-04-28 10:02:34,075 - INFO - Inserted 1 rows
2026-04-28 10:02:34,654 - INFO - Plots updated
2026-04-28 10:03:34,665 - INFO - Processing 1 rows
2026-04-28 10:03:34,702 - INFO - Assigned label: Better Air
2026-04-28 10:03:34,711 - INFO - Inserted 1 rows
2026-04-28 10:03:35,079 - INFO - Plots updated
2026-04-28 10:04:35,089 - INFO - Processing 1 rows
2026-04-28 10:04:35,119 - INFO - Assigned label: Better Air
2026-04-28 10:04:35,129 - INFO - Inserted 1 rows
2026-04-28 10:04:35,733 - INFO - Plots updated
2026-04-28 10:05:35,743 - INFO - Processing 1 rows
2026-04-28 10:05:35,782 - INFO - Assigned label: Better Air
2026-04-28 10:05:35,796 - INFO - Inserted 1 rows
2026-04-28 10:05:36,452 - INFO - Plots updated
2026-04-28 10:06:36,460 - INFO - Processing 1 rows
2026-04-28 10:06:36,497 - INFO - Assigned label: Better Air
2026-04-28 10:06:36,509 - INFO - Inserted 1 rows
2026-04-28 10:06:37,622 - INFO - Plots updated
2026-04-28 10:07:37,631 - INFO - Processing 1 rows
2026-04-28 10:07:37,667 - INFO - Assigned label: Better Air
2026-04-28 10:07:37,679 - INFO - Inserted 1 rows
2026-04-28 10:07:38,294 - INFO - Plots updated
2026-04-28 10:08:38,304 - INFO - Processing 1 rows
2026-04-28 10:08:38,333 - INFO - Assigned label: Better Air
2026-04-28 10:08:38,345 - INFO - Inserted 1 rows
2026-04-28 10:08:39,029 - INFO - Plots updated
2026-04-28 10:09:39,035 - INFO - Processing 1 rows
2026-04-28 10:09:39,050 - INFO - Assigned label: Better Air
2026-04-28 10:09:39,055 - INFO - Inserted 1 rows
2026-04-28 10:09:39,325 - INFO - Plots updated
2026-04-28 10:10:39,335 - INFO - Processing 1 rows
2026-04-28 10:10:39,368 - INFO - Assigned label: Better Air
2026-04-28 10:10:39,378 - INFO - Inserted 1 rows
2026-04-28 10:10:39,757 - INFO - Plots updated
2026-04-28 10:11:39,762 - INFO - Processing 1 rows
2026-04-28 10:11:39,779 - INFO - Assigned label: Better Air
2026-04-28 10:11:39,784 - INFO - Inserted 1 rows
2026-04-28 10:11:40,019 - INFO - Plots updated
2026-04-28 10:12:40,028 - INFO - Processing 1 rows
2026-04-28 10:12:40,061 - INFO - Assigned label: Better Air
2026-04-28 10:12:40,071 - INFO - Inserted 1 rows
2026-04-28 10:12:40,583 - INFO - Plots updated
2026-04-28 10:13:40,595 - INFO - Processing 1 rows
2026-04-28 10:13:40,625 - INFO - Assigned label: Better Air
2026-04-28 10:13:40,633 - INFO - Inserted 1 rows
2026-04-28 10:13:41,072 - INFO - Plots updated
2026-04-28 10:14:41,077 - INFO - Processing 1 rows
2026-04-28 10:14:41,094 - INFO - Assigned label: Better Air
2026-04-28 10:14:41,099 - INFO - Inserted 1 rows
2026-04-28 10:14:41,356 - INFO - Plots updated
2026-04-28 10:15:41,368 - INFO - Processing 1 rows
2026-04-28 10:15:41,401 - INFO - Assigned label: Better Air
2026-04-28 10:15:41,411 - INFO - Inserted 1 rows
2026-04-28 10:15:42,022 - INFO - Plots updated
2026-04-28 10:16:42,034 - INFO - Processing 1 rows
2026-04-28 10:16:42,069 - INFO - Assigned label: Better Air
2026-04-28 10:16:42,078 - INFO - Inserted 1 rows
2026-04-28 10:16:43,317 - INFO - Plots updated
2026-04-28 10:17:43,323 - INFO - Processing 1 rows
2026-04-28 10:17:43,338 - INFO - Assigned label: Better Air
2026-04-28 10:17:43,343 - INFO - Inserted 1 rows
2026-04-28 10:17:43,610 - INFO - Plots updated
2026-04-28 10:18:43,622 - INFO - Processing 1 rows
2026-04-28 10:18:43,658 - INFO - Assigned label: Better Air
2026-04-28 10:18:43,675 - INFO - Inserted 1 rows
2026-04-28 10:18:44,249 - INFO - Plots updated
2026-04-28 10:19:44,272 - INFO - Processing 1 rows
2026-04-28 10:19:44,349 - INFO - Assigned label: Better Air
2026-04-28 10:19:44,380 - INFO - Inserted 1 rows
2026-04-28 10:19:45,895 - INFO - Plots updated
2026-04-28 10:20:45,907 - INFO - Processing 1 rows
2026-04-28 10:20:45,951 - INFO - Assigned label: Better Air
2026-04-28 10:20:45,967 - INFO - Inserted 1 rows
2026-04-28 10:20:46,771 - INFO - Plots updated
2026-04-28 10:21:46,780 - INFO - Processing 1 rows
2026-04-28 10:21:46,818 - INFO - Assigned label: Better Air
2026-04-28 10:21:46,827 - INFO - Inserted 1 rows
2026-04-28 10:21:47,322 - INFO - Plots updated
2026-04-28 10:22:47,327 - INFO - Processing 1 rows
2026-04-28 10:22:47,350 - INFO - Assigned label: Better Air
2026-04-28 10:22:47,356 - INFO - Inserted 1 rows
2026-04-28 10:22:47,723 - INFO - Plots updated
2026-04-28 10:23:47,729 - INFO - Processing 1 rows
2026-04-28 10:23:47,745 - INFO - Assigned label: Better Air
2026-04-28 10:23:47,750 - INFO - Inserted 1 rows
2026-04-28 10:23:48,047 - INFO - Plots updated
2026-04-28 10:24:48,059 - INFO - Processing 1 rows
2026-04-28 10:24:48,096 - INFO - Assigned label: Better Air
2026-04-28 10:24:48,100 - INFO - Inserted 1 rows
2026-04-28 10:24:48,386 - INFO - Plots updated
2026-04-28 10:25:48,417 - INFO - Processing 1 rows
2026-04-28 10:25:48,513 - INFO - Assigned label: Better Air
2026-04-28 10:25:48,525 - INFO - Inserted 1 rows
2026-04-28 10:25:50,690 - INFO - Plots updated
2026-04-28 10:26:50,699 - INFO - Processing 1 rows
2026-04-28 10:26:50,736 - INFO - Assigned label: Better Air
2026-04-28 10:26:50,747 - INFO - Inserted 1 rows
2026-04-28 10:26:51,501 - INFO - Plots updated
2026-04-28 10:27:51,514 - INFO - Processing 1 rows
2026-04-28 10:27:51,550 - INFO - Assigned label: Better Air
2026-04-28 10:27:51,561 - INFO - Inserted 1 rows
2026-04-28 10:27:52,261 - INFO - Plots updated
2026-04-28 10:28:52,270 - INFO - Processing 1 rows
2026-04-28 10:28:52,299 - INFO - Assigned label: Better Air
2026-04-28 10:28:52,309 - INFO - Inserted 1 rows
2026-04-28 10:28:52,993 - INFO - Plots updated
2026-04-28 10:29:53,003 - INFO - Processing 1 rows
2026-04-28 10:29:53,037 - INFO - Assigned label: Better Air
2026-04-28 10:29:53,050 - INFO - Inserted 1 rows
2026-04-28 10:29:53,723 - INFO - Plots updated
2026-04-28 10:30:53,740 - INFO - Processing 2 rows
2026-04-28 10:30:53,799 - INFO - Assigned label: Better Air
2026-04-28 10:30:53,811 - INFO - Inserted 2 rows
2026-04-28 10:30:54,096 - INFO - Plots updated
2026-04-28 10:31:54,107 - INFO - Processing 1 rows
2026-04-28 10:31:54,128 - INFO - Assigned label: Better Air
2026-04-28 10:31:54,135 - INFO - Inserted 1 rows
2026-04-28 10:31:54,538 - INFO - Plots updated
2026-04-28 10:32:54,552 - INFO - Processing 1 rows
2026-04-28 10:32:54,573 - INFO - Assigned label: Better Air
2026-04-28 10:32:54,579 - INFO - Inserted 1 rows
2026-04-28 10:32:55,295 - INFO - Plots updated
2026-04-28 10:33:55,307 - INFO - Processing 1 rows
2026-04-28 10:33:55,348 - INFO - Assigned label: Better Air
2026-04-28 10:33:55,361 - INFO - Inserted 1 rows
2026-04-28 10:33:56,052 - INFO - Plots updated
2026-04-28 10:34:56,065 - INFO - Processing 1 rows
2026-04-28 10:34:56,109 - INFO - Assigned label: Better Air
2026-04-28 10:34:56,120 - INFO - Inserted 1 rows
2026-04-28 10:34:56,905 - INFO - Plots updated
2026-04-28 10:35:56,911 - INFO - Processing 1 rows
2026-04-28 10:35:56,923 - INFO - Assigned label: Better Air
2026-04-28 10:35:56,928 - INFO - Inserted 1 rows
2026-04-28 10:35:57,540 - INFO - Plots updated
2026-04-28 10:36:57,547 - INFO - Processing 1 rows
2026-04-28 10:36:57,565 - INFO - Assigned label: Better Air
2026-04-28 10:36:57,570 - INFO - Inserted 1 rows
2026-04-28 10:36:57,881 - INFO - Plots updated
2026-04-28 10:37:57,888 - INFO - Processing 1 rows
2026-04-28 10:37:57,914 - INFO - Assigned label: Better Air
2026-04-28 10:37:57,923 - INFO - Inserted 1 rows
2026-04-28 10:37:58,252 - INFO - Plots updated
2026-04-28 10:38:58,263 - INFO - Processing 1 rows
2026-04-28 10:38:58,301 - INFO - Assigned label: Better Air
2026-04-28 10:38:58,312 - INFO - Inserted 1 rows
2026-04-28 10:38:58,717 - INFO - Plots updated
2026-04-28 10:39:58,723 - INFO - Processing 1 rows
2026-04-28 10:39:58,746 - INFO - Assigned label: Better Air
2026-04-28 10:39:58,753 - INFO - Inserted 1 rows
2026-04-28 10:39:59,036 - INFO - Plots updated
2026-04-28 10:40:59,044 - INFO - Processing 1 rows
2026-04-28 10:40:59,061 - INFO - Assigned label: Better Air
2026-04-28 10:40:59,066 - INFO - Inserted 1 rows
2026-04-28 10:40:59,323 - INFO - Plots updated
2026-04-28 10:41:59,333 - INFO - Processing 1 rows
2026-04-28 10:41:59,365 - INFO - Assigned label: Better Air
2026-04-28 10:41:59,375 - INFO - Inserted 1 rows
2026-04-28 10:41:59,987 - INFO - Plots updated
2026-04-28 10:42:59,998 - INFO - Processing 1 rows
2026-04-28 10:43:00,038 - INFO - Assigned label: Better Air
2026-04-28 10:43:00,053 - INFO - Inserted 1 rows
2026-04-28 10:43:00,824 - INFO - Plots updated
2026-04-28 10:44:00,835 - INFO - Processing 1 rows
2026-04-28 10:44:00,863 - INFO - Assigned label: Better Air
2026-04-28 10:44:00,868 - INFO - Inserted 1 rows
2026-04-28 10:44:01,130 - INFO - Plots updated
2026-04-28 10:45:01,142 - INFO - Processing 1 rows
2026-04-28 10:45:01,181 - INFO - Assigned label: Better Air
2026-04-28 10:45:01,206 - INFO - Inserted 1 rows
2026-04-28 10:45:03,672 - INFO - Plots updated
2026-04-28 10:46:03,684 - INFO - Processing 1 rows
2026-04-28 10:46:04,375 - INFO - Assigned label: Better Air
2026-04-28 10:46:04,383 - INFO - Inserted 1 rows
2026-04-28 10:46:05,047 - INFO - Plots updated
2026-04-28 10:47:05,052 - INFO - Processing 1 rows
2026-04-28 10:47:05,067 - INFO - Assigned label: Better Air
2026-04-28 10:47:05,072 - INFO - Inserted 1 rows
2026-04-28 10:47:05,341 - INFO - Plots updated
2026-04-28 10:48:05,350 - INFO - Processing 1 rows
2026-04-28 10:48:05,367 - INFO - Assigned label: Better Air
2026-04-28 10:48:05,372 - INFO - Inserted 1 rows
2026-04-28 10:48:05,660 - INFO - Plots updated
2026-04-28 10:49:05,670 - INFO - Processing 1 rows
2026-04-28 10:49:05,688 - INFO - Assigned label: Better Air
2026-04-28 10:49:05,693 - INFO - Inserted 1 rows
2026-04-28 10:49:05,961 - INFO - Plots updated
2026-04-28 10:50:05,972 - INFO - Processing 1 rows
2026-04-28 10:50:06,007 - INFO - Assigned label: Moderate Pollution
2026-04-28 10:50:06,021 - INFO - Inserted 1 rows
2026-04-28 10:50:06,771 - INFO - Plots updated
2026-04-28 10:51:06,776 - INFO - Processing 1 rows
2026-04-28 10:51:06,789 - INFO - Assigned label: Better Air
2026-04-28 10:51:06,793 - INFO - Inserted 1 rows
2026-04-28 10:51:07,048 - INFO - Plots updated
2026-04-28 10:52:07,055 - INFO - Processing 1 rows
2026-04-28 10:52:07,069 - INFO - Assigned label: Better Air
2026-04-28 10:52:07,075 - INFO - Inserted 1 rows
2026-04-28 10:52:07,338 - INFO - Plots updated
2026-04-28 10:53:07,345 - INFO - Processing 1 rows
2026-04-28 10:53:07,361 - INFO - Assigned label: Better Air
2026-04-28 10:53:07,367 - INFO - Inserted 1 rows
2026-04-28 10:53:07,731 - INFO - Plots updated
2026-04-28 10:54:07,737 - INFO - Processing 1 rows
2026-04-28 10:54:07,753 - INFO - Assigned label: Better Air
2026-04-28 10:54:07,757 - INFO - Inserted 1 rows
2026-04-28 10:54:08,069 - INFO - Plots updated
2026-04-28 10:55:08,074 - INFO - Processing 1 rows
2026-04-28 10:55:08,089 - INFO - Assigned label: Better Air
2026-04-28 10:55:08,094 - INFO - Inserted 1 rows
2026-04-28 10:55:08,656 - INFO - Plots updated
2026-04-28 10:56:08,667 - INFO - Processing 1 rows
2026-04-28 10:56:08,714 - INFO - Assigned label: Better Air
2026-04-28 10:56:08,728 - INFO - Inserted 1 rows
2026-04-28 10:56:09,367 - INFO - Plots updated
2026-04-28 10:57:09,374 - INFO - Processing 1 rows
2026-04-28 10:57:09,393 - INFO - Assigned label: Better Air
2026-04-28 10:57:09,398 - INFO - Inserted 1 rows
2026-04-28 10:57:09,691 - INFO - Plots updated
2026-04-28 10:58:09,703 - INFO - Processing 1 rows
2026-04-28 10:58:09,743 - INFO - Assigned label: Better Air
2026-04-28 10:58:09,757 - INFO - Inserted 1 rows
2026-04-28 10:58:10,416 - INFO - Plots updated
2026-04-28 10:59:10,429 - INFO - Processing 1 rows
2026-04-28 10:59:10,463 - INFO - Assigned label: Better Air
2026-04-28 10:59:10,472 - INFO - Inserted 1 rows
2026-04-28 10:59:11,084 - INFO - Plots updated
2026-04-28 11:00:11,096 - INFO - Processing 1 rows
2026-04-28 11:00:11,136 - INFO - Assigned label: Better Air
2026-04-28 11:00:11,149 - INFO - Inserted 1 rows
2026-04-28 11:00:11,876 - INFO - Plots updated
2026-04-28 11:01:11,885 - INFO - Processing 1 rows
2026-04-28 11:01:11,913 - INFO - Assigned label: Better Air
2026-04-28 11:01:11,922 - INFO - Inserted 1 rows
2026-04-28 11:01:12,482 - INFO - Plots updated
2026-04-28 11:02:12,508 - INFO - Processing 1 rows
2026-04-28 11:02:12,574 - INFO - Assigned label: Better Air
2026-04-28 11:02:12,584 - INFO - Inserted 1 rows
2026-04-28 11:02:13,167 - INFO - Plots updated
2026-04-28 11:03:13,207 - INFO - Processing 1 rows
2026-04-28 11:03:13,316 - INFO - Assigned label: Better Air
2026-04-28 11:03:13,353 - INFO - Inserted 1 rows
2026-04-28 11:03:14,471 - INFO - Plots updated
2026-04-28 11:04:14,480 - INFO - Processing 1 rows
2026-04-28 11:04:14,515 - INFO - Assigned label: Better Air
2026-04-28 11:04:14,528 - INFO - Inserted 1 rows
2026-04-28 11:04:15,204 - INFO - Plots updated
2026-04-28 11:05:15,213 - INFO - Processing 1 rows
2026-04-28 11:05:15,240 - INFO - Assigned label: Better Air
2026-04-28 11:05:15,251 - INFO - Inserted 1 rows
2026-04-28 11:05:15,903 - INFO - Plots updated
2026-04-28 11:06:15,915 - INFO - Processing 1 rows
2026-04-28 11:06:16,574 - INFO - Assigned label: Better Air
2026-04-28 11:06:16,585 - INFO - Inserted 1 rows
2026-04-28 11:06:17,149 - INFO - Plots updated
2026-04-28 11:07:17,154 - INFO - Processing 1 rows
2026-04-28 11:07:17,169 - INFO - Assigned label: Better Air
2026-04-28 11:07:17,173 - INFO - Inserted 1 rows
2026-04-28 11:07:17,412 - INFO - Plots updated
2026-04-28 11:08:17,423 - INFO - Processing 1 rows
2026-04-28 11:08:17,457 - INFO - Assigned label: Better Air
2026-04-28 11:08:17,469 - INFO - Inserted 1 rows
2026-04-28 11:08:18,119 - INFO - Plots updated
2026-04-28 11:09:18,131 - INFO - Processing 1 rows
2026-04-28 11:09:18,164 - INFO - Assigned label: Better Air
2026-04-28 11:09:18,173 - INFO - Inserted 1 rows
2026-04-28 11:09:18,774 - INFO - Plots updated
2026-04-28 11:10:18,789 - INFO - Processing 1 rows
2026-04-28 11:10:18,825 - INFO - Assigned label: Better Air
2026-04-28 11:10:18,836 - INFO - Inserted 1 rows
2026-04-28 11:10:19,325 - INFO - Plots updated
2026-04-28 11:11:19,330 - INFO - Processing 1 rows
2026-04-28 11:11:19,344 - INFO - Assigned label: Better Air
2026-04-28 11:11:19,349 - INFO - Inserted 1 rows
2026-04-28 11:11:19,592 - INFO - Plots updated
2026-04-28 11:12:19,601 - INFO - Processing 1 rows
2026-04-28 11:12:19,636 - INFO - Assigned label: Better Air
2026-04-28 11:12:19,645 - INFO - Inserted 1 rows
2026-04-28 11:12:20,059 - INFO - Plots updated
2026-04-28 11:13:20,070 - INFO - Processing 1 rows
2026-04-28 11:13:20,108 - INFO - Assigned label: Better Air
2026-04-28 11:13:20,121 - INFO - Inserted 1 rows
2026-04-28 11:13:20,695 - INFO - Plots updated
2026-04-28 11:14:20,704 - INFO - Processing 1 rows
2026-04-28 11:14:20,735 - INFO - Assigned label: Better Air
2026-04-28 11:14:20,743 - INFO - Inserted 1 rows
2026-04-28 11:14:21,283 - INFO - Plots updated
2026-04-28 11:15:21,293 - INFO - Processing 1 rows
2026-04-28 11:15:21,324 - INFO - Assigned label: Better Air
2026-04-28 11:15:21,334 - INFO - Inserted 1 rows
2026-04-28 11:15:21,919 - INFO - Plots updated
2026-04-28 11:16:21,929 - INFO - Processing 1 rows
2026-04-28 11:16:21,964 - INFO - Assigned label: Better Air
2026-04-28 11:16:21,975 - INFO - Inserted 1 rows
2026-04-28 11:16:23,202 - INFO - Plots updated
2026-04-28 11:17:23,207 - INFO - Processing 1 rows
2026-04-28 11:17:23,225 - INFO - Assigned label: Better Air
2026-04-28 11:17:23,230 - INFO - Inserted 1 rows
2026-04-28 11:17:23,467 - INFO - Plots updated
2026-04-28 11:18:23,477 - INFO - Processing 1 rows
2026-04-28 11:18:23,513 - INFO - Assigned label: Better Air
2026-04-28 11:18:23,523 - INFO - Inserted 1 rows
2026-04-28 11:18:24,097 - INFO - Plots updated
2026-04-28 11:19:24,117 - INFO - Processing 1 rows
2026-04-28 11:19:24,200 - INFO - Assigned label: Better Air
2026-04-28 11:19:24,237 - INFO - Inserted 1 rows
2026-04-28 11:19:25,593 - INFO - Plots updated
2026-04-28 11:20:25,604 - INFO - Processing 1 rows
2026-04-28 11:20:25,641 - INFO - Assigned label: Better Air
2026-04-28 11:20:25,663 - INFO - Inserted 1 rows
2026-04-28 11:20:26,400 - INFO - Plots updated
2026-04-28 11:21:26,410 - INFO - Processing 1 rows
2026-04-28 11:21:26,463 - INFO - Assigned label: Better Air
2026-04-28 11:21:26,474 - INFO - Inserted 1 rows
2026-04-28 11:21:27,228 - INFO - Plots updated
2026-04-28 11:22:27,240 - INFO - Processing 1 rows
2026-04-28 11:22:27,279 - INFO - Assigned label: Better Air
2026-04-28 11:22:27,289 - INFO - Inserted 1 rows
2026-04-28 11:22:27,938 - INFO - Plots updated
2026-04-28 11:23:27,949 - INFO - Processing 1 rows
2026-04-28 11:23:27,989 - INFO - Assigned label: Moderate Pollution
2026-04-28 11:23:28,002 - INFO - Inserted 1 rows
2026-04-28 11:23:28,650 - INFO - Plots updated
2026-04-28 11:24:28,662 - INFO - Processing 1 rows
2026-04-28 11:24:28,696 - INFO - Assigned label: Moderate Pollution
2026-04-28 11:24:28,705 - INFO - Inserted 1 rows
2026-04-28 11:24:29,350 - INFO - Plots updated
2026-04-28 11:25:29,360 - INFO - Processing 1 rows
2026-04-28 11:25:29,397 - INFO - Assigned label: Moderate Pollution
2026-04-28 11:25:29,404 - INFO - Inserted 1 rows
2026-04-28 11:25:29,991 - INFO - Plots updated
2026-04-28 11:26:30,007 - INFO - Processing 1 rows
2026-04-28 11:26:30,059 - INFO - Assigned label: Better Air
2026-04-28 11:26:30,076 - INFO - Inserted 1 rows
2026-04-28 11:26:31,117 - INFO - Plots updated
2026-04-28 11:27:31,128 - INFO - Processing 1 rows
2026-04-28 11:27:31,161 - INFO - Assigned label: Moderate Pollution
2026-04-28 11:27:31,171 - INFO - Inserted 1 rows
2026-04-28 11:27:31,797 - INFO - Plots updated
2026-04-28 11:28:31,807 - INFO - Processing 1 rows
2026-04-28 11:28:31,838 - INFO - Assigned label: Moderate Pollution
2026-04-28 11:28:31,847 - INFO - Inserted 1 rows
2026-04-28 11:28:32,965 - INFO - Plots updated
2026-04-28 11:29:32,969 - INFO - Processing 1 rows
2026-04-28 11:29:32,983 - INFO - Assigned label: Better Air
2026-04-28 11:29:32,987 - INFO - Inserted 1 rows
2026-04-28 11:29:33,228 - INFO - Plots updated
2026-04-28 11:30:33,237 - INFO - Processing 1 rows
2026-04-28 11:30:33,263 - INFO - Assigned label: Better Air
2026-04-28 11:30:33,273 - INFO - Inserted 1 rows
2026-04-28 11:30:33,869 - INFO - Plots updated
2026-04-28 11:31:33,879 - INFO - Processing 1 rows
2026-04-28 11:31:33,910 - INFO - Assigned label: Better Air
2026-04-28 11:31:33,920 - INFO - Inserted 1 rows
2026-04-28 11:31:34,563 - INFO - Plots updated
2026-04-28 11:32:34,573 - INFO - Processing 1 rows
2026-04-28 11:32:34,606 - INFO - Assigned label: Moderate Pollution
2026-04-28 11:32:34,616 - INFO - Inserted 1 rows
2026-04-28 11:32:36,101 - INFO - Plots updated
2026-04-28 11:33:36,106 - INFO - Processing 1 rows
2026-04-28 11:33:36,125 - INFO - Assigned label: Better Air
2026-04-28 11:33:36,131 - INFO - Inserted 1 rows
2026-04-28 11:33:36,379 - INFO - Plots updated
2026-04-28 11:34:36,390 - INFO - Processing 1 rows
2026-04-28 11:34:36,426 - INFO - Assigned label: Better Air
2026-04-28 11:34:36,436 - INFO - Inserted 1 rows
2026-04-28 11:34:37,023 - INFO - Plots updated
2026-04-28 11:35:37,034 - INFO - Processing 1 rows
2026-04-28 11:35:37,068 - INFO - Assigned label: Better Air
2026-04-28 11:35:37,077 - INFO - Inserted 1 rows
2026-04-28 11:35:37,644 - INFO - Plots updated
2026-04-28 11:36:37,660 - INFO - Processing 1 rows
2026-04-28 11:36:37,706 - INFO - Assigned label: Moderate Pollution
2026-04-28 11:36:37,726 - INFO - Inserted 1 rows
2026-04-28 11:36:38,791 - INFO - Plots updated
2026-04-28 11:37:38,800 - INFO - Processing 1 rows
2026-04-28 11:37:38,829 - INFO - Assigned label: Better Air
2026-04-28 11:37:38,839 - INFO - Inserted 1 rows
2026-04-28 11:37:39,447 - INFO - Plots updated
2026-04-28 11:38:39,456 - INFO - Processing 1 rows
2026-04-28 11:38:39,484 - INFO - Assigned label: Moderate Pollution
2026-04-28 11:38:39,495 - INFO - Inserted 1 rows
2026-04-28 11:38:40,179 - INFO - Plots updated
2026-04-28 11:39:40,184 - INFO - Processing 1 rows
2026-04-28 11:39:40,201 - INFO - Assigned label: Moderate Pollution
2026-04-28 11:39:40,206 - INFO - Inserted 1 rows
2026-04-28 11:39:40,776 - INFO - Plots updated
2026-04-28 11:40:40,781 - INFO - Processing 1 rows
2026-04-28 11:40:40,794 - INFO - Assigned label: Better Air
2026-04-28 11:40:40,800 - INFO - Inserted 1 rows
2026-04-28 11:40:41,091 - INFO - Plots updated
2026-04-28 11:41:41,097 - INFO - Processing 1 rows
2026-04-28 11:41:41,110 - INFO - Assigned label: Better Air
2026-04-28 11:41:41,115 - INFO - Inserted 1 rows
2026-04-28 11:41:41,352 - INFO - Plots updated
2026-04-28 11:42:41,357 - INFO - Processing 1 rows
2026-04-28 11:42:41,375 - INFO - Assigned label: Better Air
2026-04-28 11:42:41,385 - INFO - Inserted 1 rows
2026-04-28 11:42:41,636 - INFO - Plots updated
2026-04-28 11:43:41,641 - INFO - Processing 1 rows
2026-04-28 11:43:41,656 - INFO - Assigned label: Moderate Pollution
2026-04-28 11:43:41,661 - INFO - Inserted 1 rows
2026-04-28 11:43:41,964 - INFO - Plots updated
2026-04-28 11:44:41,969 - INFO - Processing 1 rows
2026-04-28 11:44:41,983 - INFO - Assigned label: Better Air
2026-04-28 11:44:41,987 - INFO - Inserted 1 rows
2026-04-28 11:44:42,252 - INFO - Plots updated
2026-04-28 11:45:42,257 - INFO - Processing 1 rows
2026-04-28 11:45:42,274 - INFO - Assigned label: Better Air
2026-04-28 11:45:42,279 - INFO - Inserted 1 rows
2026-04-28 11:45:42,567 - INFO - Plots updated
2026-04-28 11:46:42,578 - INFO - Processing 1 rows
2026-04-28 11:46:42,616 - INFO - Assigned label: Better Air
2026-04-28 11:46:42,625 - INFO - Inserted 1 rows
2026-04-28 11:46:43,286 - INFO - Plots updated
2026-04-28 11:47:43,292 - INFO - Processing 1 rows
2026-04-28 11:47:43,308 - INFO - Assigned label: Better Air
2026-04-28 11:47:43,312 - INFO - Inserted 1 rows
2026-04-28 11:47:43,563 - INFO - Plots updated
2026-04-28 11:48:43,596 - INFO - Processing 1 rows
2026-04-28 11:48:43,711 - INFO - Assigned label: Better Air
2026-04-28 11:48:43,753 - INFO - Inserted 1 rows
2026-04-28 11:48:44,900 - INFO - Plots updated
2026-04-28 11:49:44,930 - INFO - Processing 1 rows
2026-04-28 11:49:45,042 - INFO - Assigned label: Better Air
2026-04-28 11:49:45,083 - INFO - Inserted 1 rows
2026-04-28 11:49:46,011 - INFO - Plots updated
2026-04-28 11:50:46,024 - INFO - Processing 1 rows
2026-04-28 11:50:46,087 - INFO - Assigned label: Better Air
2026-04-28 11:50:46,103 - INFO - Inserted 1 rows
2026-04-28 11:50:47,467 - INFO - Plots updated
2026-04-28 11:51:47,472 - INFO - Processing 1 rows
2026-04-28 11:51:47,485 - INFO - Assigned label: Better Air
2026-04-28 11:51:47,489 - INFO - Inserted 1 rows
2026-04-28 11:51:47,737 - INFO - Plots updated
2026-04-28 11:52:47,748 - INFO - Processing 1 rows
2026-04-28 11:52:47,781 - INFO - Assigned label: Better Air
2026-04-28 11:52:47,792 - INFO - Inserted 1 rows
2026-04-28 11:52:48,117 - INFO - Plots updated
2026-04-28 11:53:48,125 - INFO - Processing 1 rows
2026-04-28 11:53:48,160 - INFO - Assigned label: Better Air
2026-04-28 11:53:48,170 - INFO - Inserted 1 rows
2026-04-28 11:53:48,764 - INFO - Plots updated
2026-04-28 11:54:48,776 - INFO - Processing 1 rows
2026-04-28 11:54:48,816 - INFO - Assigned label: Better Air
2026-04-28 11:54:48,826 - INFO - Inserted 1 rows
2026-04-28 11:54:49,473 - INFO - Plots updated
2026-04-28 11:55:49,483 - INFO - Processing 1 rows
2026-04-28 11:55:49,519 - INFO - Assigned label: Better Air
2026-04-28 11:55:49,527 - INFO - Inserted 1 rows
2026-04-28 11:55:50,082 - INFO - Plots updated
2026-04-28 11:56:50,093 - INFO - Processing 1 rows
2026-04-28 11:56:50,123 - INFO - Assigned label: Better Air
2026-04-28 11:56:50,132 - INFO - Inserted 1 rows
2026-04-28 11:56:50,470 - INFO - Plots updated
2026-04-28 11:57:50,479 - INFO - Processing 1 rows
2026-04-28 11:57:50,527 - INFO - Assigned label: Better Air
2026-04-28 11:57:50,539 - INFO - Inserted 1 rows
2026-04-28 11:57:51,098 - INFO - Plots updated
2026-04-28 11:58:51,103 - INFO - Processing 1 rows
2026-04-28 11:58:51,117 - INFO - Assigned label: Better Air
2026-04-28 11:58:51,122 - INFO - Inserted 1 rows
2026-04-28 11:58:51,402 - INFO - Plots updated
2026-04-28 11:59:51,415 - INFO - Processing 1 rows
2026-04-28 11:59:51,469 - INFO - Assigned label: Better Air
2026-04-28 11:59:51,488 - INFO - Inserted 1 rows
2026-04-28 11:59:52,428 - INFO - Plots updated
2026-04-28 12:00:52,454 - INFO - Processing 1 rows
2026-04-28 12:00:52,555 - INFO - Assigned label: Better Air
2026-04-28 12:00:52,593 - INFO - Inserted 1 rows
2026-04-28 12:00:54,054 - INFO - Plots updated
2026-04-28 12:01:54,061 - INFO - Processing 2 rows
2026-04-28 12:01:54,079 - INFO - Assigned label: Better Air
2026-04-28 12:01:54,084 - INFO - Inserted 2 rows
2026-04-28 12:01:54,378 - INFO - Plots updated
2026-04-28 12:02:54,384 - INFO - Processing 1 rows
2026-04-28 12:02:54,406 - INFO - Assigned label: Better Air
2026-04-28 12:02:54,418 - INFO - Inserted 1 rows
2026-04-28 12:02:54,979 - INFO - Plots updated
2026-04-28 12:03:54,984 - INFO - Processing 1 rows
2026-04-28 12:03:54,999 - INFO - Assigned label: Better Air
2026-04-28 12:03:55,005 - INFO - Inserted 1 rows
2026-04-28 12:03:55,272 - INFO - Plots updated
2026-04-28 12:04:55,282 - INFO - Processing 1 rows
2026-04-28 12:04:55,311 - INFO - Assigned label: Better Air
2026-04-28 12:04:55,322 - INFO - Inserted 1 rows
2026-04-28 12:04:55,953 - INFO - Plots updated
2026-04-28 12:05:55,965 - INFO - Processing 1 rows
2026-04-28 12:05:56,004 - INFO - Assigned label: Better Air
2026-04-28 12:05:56,016 - INFO - Inserted 1 rows
2026-04-28 12:05:56,708 - INFO - Plots updated
2026-04-28 12:06:56,723 - INFO - Processing 1 rows
2026-04-28 12:06:56,768 - INFO - Assigned label: Better Air
2026-04-28 12:06:56,779 - INFO - Inserted 1 rows
2026-04-28 12:06:57,197 - INFO - Plots updated
2026-04-28 12:07:57,208 - INFO - Processing 1 rows
2026-04-28 12:07:57,241 - INFO - Assigned label: Better Air
2026-04-28 12:07:57,254 - INFO - Inserted 1 rows
2026-04-28 12:07:57,887 - INFO - Plots updated
2026-04-28 12:08:57,896 - INFO - Processing 1 rows
2026-04-28 12:08:57,926 - INFO - Assigned label: Better Air
2026-04-28 12:08:57,936 - INFO - Inserted 1 rows
2026-04-28 12:08:58,559 - INFO - Plots updated
2026-04-28 12:09:58,569 - INFO - Processing 1 rows
2026-04-28 12:09:58,606 - INFO - Assigned label: Better Air
2026-04-28 12:09:58,617 - INFO - Inserted 1 rows
2026-04-28 12:09:59,328 - INFO - Plots updated
2026-04-28 12:10:59,338 - INFO - Processing 1 rows
2026-04-28 12:10:59,370 - INFO - Assigned label: Better Air
2026-04-28 12:10:59,382 - INFO - Inserted 1 rows
2026-04-28 12:10:59,995 - INFO - Plots updated
2026-04-28 12:12:00,005 - INFO - Processing 1 rows
2026-04-28 12:12:00,035 - INFO - Assigned label: Better Air
2026-04-28 12:12:00,050 - INFO - Inserted 1 rows
2026-04-28 12:12:00,805 - INFO - Plots updated
2026-04-28 12:13:00,816 - INFO - Processing 1 rows
2026-04-28 12:13:00,862 - INFO - Assigned label: Better Air
2026-04-28 12:13:00,874 - INFO - Inserted 1 rows
2026-04-28 12:13:01,888 - INFO - Plots updated
2026-04-28 12:14:01,899 - INFO - Processing 1 rows
2026-04-28 12:14:01,938 - INFO - Assigned label: Better Air
2026-04-28 12:14:01,951 - INFO - Inserted 1 rows
2026-04-28 12:14:02,560 - INFO - Plots updated
2026-04-28 12:15:02,586 - INFO - Processing 1 rows
2026-04-28 12:15:02,677 - INFO - Assigned label: Better Air
2026-04-28 12:15:02,707 - INFO - Inserted 1 rows
2026-04-28 12:15:04,612 - INFO - Plots updated
2026-04-28 12:16:04,618 - INFO - Processing 1 rows
2026-04-28 12:16:04,635 - INFO - Assigned label: Better Air
2026-04-28 12:16:04,641 - INFO - Inserted 1 rows
2026-04-28 12:16:05,266 - INFO - Plots updated
2026-04-28 12:17:05,278 - INFO - Processing 1 rows
2026-04-28 12:17:05,311 - INFO - Assigned label: Better Air
2026-04-28 12:17:05,323 - INFO - Inserted 1 rows
2026-04-28 12:17:06,002 - INFO - Plots updated
2026-04-28 12:18:06,012 - INFO - Processing 1 rows
2026-04-28 12:18:06,044 - INFO - Assigned label: Better Air
2026-04-28 12:18:06,053 - INFO - Inserted 1 rows
2026-04-28 12:18:06,672 - INFO - Plots updated
2026-04-28 12:19:06,677 - INFO - Processing 1 rows
2026-04-28 12:19:06,689 - INFO - Assigned label: Better Air
2026-04-28 12:19:06,696 - INFO - Inserted 1 rows
2026-04-28 12:19:06,975 - INFO - Plots updated
2026-04-28 12:20:07,011 - INFO - Processing 1 rows
2026-04-28 12:20:07,115 - INFO - Assigned label: Better Air
2026-04-28 12:20:07,151 - INFO - Inserted 1 rows
2026-04-28 12:20:08,467 - INFO - Plots updated
2026-04-28 12:21:08,473 - INFO - Processing 1 rows
2026-04-28 12:21:08,491 - INFO - Assigned label: Better Air
2026-04-28 12:21:08,497 - INFO - Inserted 1 rows
2026-04-28 12:21:08,809 - INFO - Plots updated
2026-04-28 12:22:08,814 - INFO - Processing 1 rows
2026-04-28 12:22:08,831 - INFO - Assigned label: Better Air
2026-04-28 12:22:08,838 - INFO - Inserted 1 rows
2026-04-28 12:22:09,110 - INFO - Plots updated
2026-04-28 12:23:09,117 - INFO - Processing 1 rows
2026-04-28 12:23:09,154 - INFO - Assigned label: Better Air
2026-04-28 12:23:09,171 - INFO - Inserted 1 rows
2026-04-28 12:23:11,234 - INFO - Plots updated
2026-04-28 12:24:11,251 - INFO - Processing 1 rows
2026-04-28 12:24:11,303 - INFO - Assigned label: Better Air
2026-04-28 12:24:11,318 - INFO - Inserted 1 rows
2026-04-28 12:24:12,296 - INFO - Plots updated
2026-04-28 12:25:12,301 - INFO - Processing 1 rows
2026-04-28 12:25:12,316 - INFO - Assigned label: Better Air
2026-04-28 12:25:12,321 - INFO - Inserted 1 rows
2026-04-28 12:25:12,608 - INFO - Plots updated
2026-04-28 12:26:12,614 - INFO - Processing 1 rows
2026-04-28 12:26:12,629 - INFO - Assigned label: Better Air
2026-04-28 12:26:12,634 - INFO - Inserted 1 rows
2026-04-28 12:26:12,901 - INFO - Plots updated
2026-04-28 12:27:12,909 - INFO - Processing 1 rows
2026-04-28 12:27:12,931 - INFO - Assigned label: Better Air
2026-04-28 12:27:12,939 - INFO - Inserted 1 rows
2026-04-28 12:27:13,259 - INFO - Plots updated
2026-04-28 12:28:13,265 - INFO - Processing 1 rows
2026-04-28 12:28:13,286 - INFO - Assigned label: Better Air
2026-04-28 12:28:13,291 - INFO - Inserted 1 rows
2026-04-28 12:28:13,562 - INFO - Plots updated
2026-04-28 12:29:13,570 - INFO - Processing 1 rows
2026-04-28 12:29:13,593 - INFO - Assigned label: Unhealthy Air
2026-04-28 12:29:13,603 - INFO - Inserted 1 rows
2026-04-28 12:29:13,939 - INFO - Plots updated
2026-04-28 12:30:13,943 - INFO - Processing 1 rows
2026-04-28 12:30:13,957 - INFO - Assigned label: Unhealthy Air
2026-04-28 12:30:13,964 - INFO - Inserted 1 rows
2026-04-28 12:30:14,263 - INFO - Plots updated
2026-04-28 12:31:14,298 - INFO - Processing 1 rows
2026-04-28 12:31:14,354 - INFO - Assigned label: Unhealthy Air
2026-04-28 12:31:14,363 - INFO - Inserted 1 rows
2026-04-28 12:31:14,814 - INFO - Plots updated
2026-04-28 12:32:14,822 - INFO - Processing 1 rows
2026-04-28 12:32:14,836 - INFO - Assigned label: Unhealthy Air
2026-04-28 12:32:14,842 - INFO - Inserted 1 rows
2026-04-28 12:32:15,213 - INFO - Plots updated
2026-04-28 12:33:15,218 - INFO - Processing 1 rows
2026-04-28 12:33:15,233 - INFO - Assigned label: Unhealthy Air
2026-04-28 12:33:15,238 - INFO - Inserted 1 rows
2026-04-28 12:33:15,892 - INFO - Plots updated
2026-04-28 12:34:15,902 - INFO - Processing 1 rows
2026-04-28 12:34:15,942 - INFO - Assigned label: Unhealthy Air
2026-04-28 12:34:15,962 - INFO - Inserted 1 rows
2026-04-28 12:34:16,766 - INFO - Plots updated
2026-04-28 12:35:16,777 - INFO - Processing 1 rows
2026-04-28 12:35:16,820 - INFO - Assigned label: Unhealthy Air
2026-04-28 12:35:16,832 - INFO - Inserted 1 rows
2026-04-28 12:35:17,549 - INFO - Plots updated
2026-04-28 12:36:17,556 - INFO - Processing 1 rows
2026-04-28 12:36:17,578 - INFO - Assigned label: Unhealthy Air
2026-04-28 12:36:17,583 - INFO - Inserted 1 rows
2026-04-28 12:36:17,905 - INFO - Plots updated
2026-04-28 12:37:17,909 - INFO - Processing 1 rows
2026-04-28 12:37:17,929 - INFO - Assigned label: Unhealthy Air
2026-04-28 12:37:17,933 - INFO - Inserted 1 rows
2026-04-28 12:37:18,187 - INFO - Plots updated
2026-04-28 12:38:18,197 - INFO - Processing 1 rows
2026-04-28 12:38:18,235 - INFO - Assigned label: Unhealthy Air
2026-04-28 12:38:18,248 - INFO - Inserted 1 rows
2026-04-28 12:38:18,870 - INFO - Plots updated
2026-04-28 12:39:18,879 - INFO - Processing 1 rows
2026-04-28 12:39:18,915 - INFO - Assigned label: Unhealthy Air
2026-04-28 12:39:18,924 - INFO - Inserted 1 rows
2026-04-28 12:39:19,380 - INFO - Plots updated
2026-04-28 12:40:19,392 - INFO - Processing 1 rows
2026-04-28 12:40:19,427 - INFO - Assigned label: Unhealthy Air
2026-04-28 12:40:19,438 - INFO - Inserted 1 rows
2026-04-28 12:40:20,093 - INFO - Plots updated
2026-04-28 12:41:20,099 - INFO - Processing 1 rows
2026-04-28 12:41:20,120 - INFO - Assigned label: Unhealthy Air
2026-04-28 12:41:20,125 - INFO - Inserted 1 rows
2026-04-28 12:41:20,385 - INFO - Plots updated
2026-04-28 12:42:20,396 - INFO - Processing 1 rows
2026-04-28 12:42:20,423 - INFO - Assigned label: Unhealthy Air
2026-04-28 12:42:20,432 - INFO - Inserted 1 rows
2026-04-28 12:42:21,024 - INFO - Plots updated
2026-04-28 12:43:21,028 - INFO - Processing 1 rows
2026-04-28 12:43:21,040 - INFO - Assigned label: Unhealthy Air
2026-04-28 12:43:21,044 - INFO - Inserted 1 rows
2026-04-28 12:43:21,534 - INFO - Plots updated
2026-04-28 12:44:21,543 - INFO - Processing 1 rows
2026-04-28 12:44:21,580 - INFO - Assigned label: Unhealthy Air
2026-04-28 12:44:21,592 - INFO - Inserted 1 rows
2026-04-28 12:44:22,271 - INFO - Plots updated
2026-04-28 12:45:22,280 - INFO - Processing 1 rows
2026-04-28 12:45:22,310 - INFO - Assigned label: Unhealthy Air
2026-04-28 12:45:22,320 - INFO - Inserted 1 rows
2026-04-28 12:45:22,637 - INFO - Plots updated
2026-04-28 12:46:22,646 - INFO - Processing 1 rows
2026-04-28 12:46:22,677 - INFO - Assigned label: Unhealthy Air
2026-04-28 12:46:22,685 - INFO - Inserted 1 rows
2026-04-28 12:46:23,260 - INFO - Plots updated
2026-04-28 12:47:23,279 - INFO - Processing 1 rows
2026-04-28 12:47:23,317 - INFO - Assigned label: Unhealthy Air
2026-04-28 12:47:23,327 - INFO - Inserted 1 rows
2026-04-28 12:47:23,983 - INFO - Plots updated
2026-04-28 12:48:23,995 - INFO - Processing 1 rows
2026-04-28 12:48:24,035 - INFO - Assigned label: Unhealthy Air
2026-04-28 12:48:24,048 - INFO - Inserted 1 rows
2026-04-28 12:48:24,813 - INFO - Plots updated
2026-04-28 12:49:24,823 - INFO - Processing 1 rows
2026-04-28 12:49:24,858 - INFO - Assigned label: Unhealthy Air
2026-04-28 12:49:24,870 - INFO - Inserted 1 rows
2026-04-28 12:49:25,537 - INFO - Plots updated
2026-04-28 12:50:25,547 - INFO - Processing 1 rows
2026-04-28 12:50:25,581 - INFO - Assigned label: Unhealthy Air
2026-04-28 12:50:25,592 - INFO - Inserted 1 rows
2026-04-28 12:50:26,291 - INFO - Plots updated
2026-04-28 12:51:26,301 - INFO - Processing 1 rows
2026-04-28 12:51:26,335 - INFO - Assigned label: Unhealthy Air
2026-04-28 12:51:26,352 - INFO - Inserted 1 rows
2026-04-28 12:51:27,034 - INFO - Plots updated
2026-04-28 12:52:27,040 - INFO - Processing 1 rows
2026-04-28 12:52:27,057 - INFO - Assigned label: Unhealthy Air
2026-04-28 12:52:27,062 - INFO - Inserted 1 rows
2026-04-28 12:52:27,575 - INFO - Plots updated
2026-04-28 12:53:27,586 - INFO - Processing 1 rows
2026-04-28 12:53:27,618 - INFO - Assigned label: Unhealthy Air
2026-04-28 12:53:27,627 - INFO - Inserted 1 rows
2026-04-28 12:53:28,171 - INFO - Plots updated
2026-04-28 12:54:28,182 - INFO - Processing 1 rows
2026-04-28 12:54:28,216 - INFO - Assigned label: Unhealthy Air
2026-04-28 12:54:28,225 - INFO - Inserted 1 rows
2026-04-28 12:54:28,533 - INFO - Plots updated
2026-04-28 12:55:28,544 - INFO - Processing 1 rows
2026-04-28 12:55:28,570 - INFO - Assigned label: Unhealthy Air
2026-04-28 12:55:28,580 - INFO - Inserted 1 rows
2026-04-28 12:55:29,213 - INFO - Plots updated
2026-04-28 12:56:29,222 - INFO - Processing 1 rows
2026-04-28 12:56:29,250 - INFO - Assigned label: Better Air
2026-04-28 12:56:29,259 - INFO - Inserted 1 rows
2026-04-28 12:56:29,695 - INFO - Plots updated
2026-04-28 12:57:29,727 - INFO - Processing 1 rows
2026-04-28 12:57:29,783 - INFO - Assigned label: Better Air
2026-04-28 12:57:29,803 - INFO - Inserted 1 rows
2026-04-28 12:57:30,798 - INFO - Plots updated
2026-04-28 12:58:30,827 - INFO - Processing 1 rows
2026-04-28 12:58:30,965 - INFO - Assigned label: Unhealthy Air
2026-04-28 12:58:31,004 - INFO - Inserted 1 rows
2026-04-28 12:58:32,428 - INFO - Plots updated
2026-04-28 12:59:32,440 - INFO - Processing 1 rows
2026-04-28 12:59:32,469 - INFO - Assigned label: Unhealthy Air
2026-04-28 12:59:32,480 - INFO - Inserted 1 rows
2026-04-28 12:59:33,314 - INFO - Plots updated
2026-04-28 13:00:33,323 - INFO - Processing 1 rows
2026-04-28 13:00:33,350 - INFO - Assigned label: Unhealthy Air
2026-04-28 13:00:33,359 - INFO - Inserted 1 rows
2026-04-28 13:00:33,791 - INFO - Plots updated
2026-04-28 13:01:33,796 - INFO - Processing 1 rows
2026-04-28 13:01:33,809 - INFO - Assigned label: Better Air
2026-04-28 13:01:33,813 - INFO - Inserted 1 rows
2026-04-28 13:01:34,076 - INFO - Plots updated
2026-04-28 13:02:34,085 - INFO - Processing 1 rows
2026-04-28 13:02:34,115 - INFO - Assigned label: Moderate Pollution
2026-04-28 13:02:34,121 - INFO - Inserted 1 rows
2026-04-28 13:02:34,668 - INFO - Plots updated
2026-04-28 13:03:34,679 - INFO - Processing 1 rows
2026-04-28 13:03:34,712 - INFO - Assigned label: Moderate Pollution
2026-04-28 13:03:34,722 - INFO - Inserted 1 rows
2026-04-28 13:03:35,151 - INFO - Plots updated
2026-04-28 13:04:35,163 - INFO - Processing 1 rows
2026-04-28 13:04:35,196 - INFO - Assigned label: Unhealthy Air
2026-04-28 13:04:35,205 - INFO - Inserted 1 rows
2026-04-28 13:04:35,683 - INFO - Plots updated
2026-04-28 13:05:35,693 - INFO - Processing 1 rows
2026-04-28 13:05:35,727 - INFO - Assigned label: Better Air
2026-04-28 13:05:35,741 - INFO - Inserted 1 rows
2026-04-28 13:05:36,238 - INFO - Plots updated
2026-04-28 13:06:36,251 - INFO - Processing 1 rows
2026-04-28 13:06:36,300 - INFO - Assigned label: Moderate Pollution
2026-04-28 13:06:36,318 - INFO - Inserted 1 rows
2026-04-28 13:06:37,409 - INFO - Plots updated
2026-04-28 13:07:37,426 - INFO - Processing 1 rows
2026-04-28 13:07:37,468 - INFO - Assigned label: Moderate Pollution
2026-04-28 13:07:37,480 - INFO - Inserted 1 rows
2026-04-28 13:07:38,091 - INFO - Plots updated
2026-04-28 13:08:38,103 - INFO - Processing 1 rows
2026-04-28 13:08:38,134 - INFO - Assigned label: Moderate Pollution
2026-04-28 13:08:38,143 - INFO - Inserted 1 rows
2026-04-28 13:08:38,794 - INFO - Plots updated
2026-04-28 13:09:38,804 - INFO - Processing 1 rows
2026-04-28 13:09:38,834 - INFO - Assigned label: Unhealthy Air
2026-04-28 13:09:38,844 - INFO - Inserted 1 rows
2026-04-28 13:09:39,424 - INFO - Plots updated
2026-04-28 13:10:39,434 - INFO - Processing 1 rows
2026-04-28 13:10:39,466 - INFO - Assigned label: Moderate Pollution
2026-04-28 13:10:39,476 - INFO - Inserted 1 rows
2026-04-28 13:10:41,169 - INFO - Plots updated
2026-04-28 13:11:41,175 - INFO - Processing 1 rows
2026-04-28 13:11:41,210 - INFO - Assigned label: Better Air
2026-04-28 13:11:41,218 - INFO - Inserted 1 rows
2026-04-28 13:11:41,497 - INFO - Plots updated
2026-04-28 13:12:41,502 - INFO - Processing 1 rows
2026-04-28 13:12:41,515 - INFO - Assigned label: Moderate Pollution
2026-04-28 13:12:41,520 - INFO - Inserted 1 rows
2026-04-28 13:12:41,766 - INFO - Plots updated
2026-04-28 13:13:41,772 - INFO - Processing 1 rows
2026-04-28 13:13:41,792 - INFO - Assigned label: Unhealthy Air
2026-04-28 13:13:41,797 - INFO - Inserted 1 rows
2026-04-28 13:13:42,057 - INFO - Plots updated
2026-04-28 13:14:42,066 - INFO - Processing 1 rows
2026-04-28 13:14:42,084 - INFO - Assigned label: Moderate Pollution
2026-04-28 13:14:42,089 - INFO - Inserted 1 rows
2026-04-28 13:14:42,335 - INFO - Plots updated
2026-04-28 13:15:42,340 - INFO - Processing 1 rows
2026-04-28 13:15:42,357 - INFO - Assigned label: Unhealthy Air
2026-04-28 13:15:42,362 - INFO - Inserted 1 rows
2026-04-28 13:15:42,623 - INFO - Plots updated
2026-04-28 13:16:42,634 - INFO - Processing 1 rows
2026-04-28 13:16:42,678 - INFO - Assigned label: Moderate Pollution
2026-04-28 13:16:42,692 - INFO - Inserted 1 rows
2026-04-28 13:16:43,616 - INFO - Plots updated
2026-04-28 13:17:43,682 - INFO - Processing 1 rows
2026-04-28 13:17:44,015 - INFO - Assigned label: Moderate Pollution
2026-04-28 13:17:44,101 - INFO - Inserted 1 rows
2026-04-28 13:17:49,183 - INFO - Plots updated
2026-04-28 13:18:49,189 - INFO - Processing 1 rows
2026-04-28 13:18:49,202 - INFO - Assigned label: Unhealthy Air
2026-04-28 13:18:49,206 - INFO - Inserted 1 rows
2026-04-28 13:18:49,461 - INFO - Plots updated
2026-04-28 13:19:49,465 - INFO - Processing 1 rows
2026-04-28 13:19:49,482 - INFO - Assigned label: Unhealthy Air
2026-04-28 13:19:49,487 - INFO - Inserted 1 rows
2026-04-28 13:19:49,766 - INFO - Plots updated
2026-04-28 13:20:50,070 - INFO - Processing 1 rows
2026-04-28 13:20:50,625 - INFO - Assigned label: Unhealthy Air
2026-04-28 13:20:50,830 - INFO - Inserted 1 rows
2026-04-28 13:21:00,276 - INFO - Plots updated
2026-04-28 13:22:00,375 - INFO - Processing 2 rows
2026-04-28 13:22:00,536 - INFO - Assigned label: Better Air
2026-04-28 13:22:00,589 - INFO - Inserted 2 rows
2026-04-28 13:22:02,439 - INFO - Plots updated
2026-04-28 13:26:12,048 - INFO - No new data
2026-04-28 13:26:14,905 - INFO - Plots updated
2026-04-28 13:28:15,534 - INFO - Processing 1 rows
2026-04-28 13:28:16,396 - INFO - Assigned label: Unhealthy Air
2026-04-28 13:28:16,503 - INFO - Inserted 1 rows
2026-04-28 13:28:23,398 - INFO - Plots updated
2026-04-28 13:30:08,859 - INFO - Processing 1 rows
2026-04-28 13:30:10,125 - INFO - Assigned label: Moderate Pollution
2026-04-28 13:30:10,254 - INFO - Inserted 1 rows
2026-04-28 13:30:17,041 - INFO - Plots updated
2026-04-28 13:31:17,052 - INFO - Processing 3 rows
2026-04-28 13:31:17,084 - INFO - Assigned label: Unhealthy Air
2026-04-28 13:31:17,095 - INFO - Inserted 3 rows
2026-04-28 13:31:18,027 - INFO - Plots updated
2026-04-28 13:32:18,062 - INFO - Processing 1 rows
2026-04-28 13:32:18,112 - INFO - Assigned label: Unhealthy Air
2026-04-28 13:32:18,119 - INFO - Inserted 1 rows
2026-04-28 13:32:18,413 - INFO - Plots updated
2026-04-28 13:33:18,418 - INFO - Processing 1 rows
2026-04-28 13:33:18,438 - INFO - Assigned label: Unhealthy Air
2026-04-28 13:33:18,444 - INFO - Inserted 1 rows
2026-04-28 13:33:18,723 - INFO - Plots updated
2026-04-28 13:34:18,730 - INFO - Processing 1 rows
2026-04-28 13:34:18,748 - INFO - Assigned label: Moderate Pollution
2026-04-28 13:34:18,754 - INFO - Inserted 1 rows
2026-04-28 13:34:19,628 - INFO - Plots updated
2026-04-28 13:35:19,632 - INFO - Processing 1 rows
2026-04-28 13:35:19,648 - INFO - Assigned label: Moderate Pollution
2026-04-28 13:35:19,653 - INFO - Inserted 1 rows
2026-04-28 13:35:20,199 - INFO - Plots updated
2026-04-28 13:36:20,203 - INFO - Processing 1 rows
2026-04-28 13:36:20,217 - INFO - Assigned label: Moderate Pollution
2026-04-28 13:36:20,221 - INFO - Inserted 1 rows
2026-04-28 13:36:20,493 - INFO - Plots updated
2026-04-28 13:37:20,504 - INFO - Processing 1 rows
2026-04-28 13:37:20,528 - INFO - Assigned label: Moderate Pollution
2026-04-28 13:37:20,534 - INFO - Inserted 1 rows
2026-04-28 13:37:20,841 - INFO - Plots updated
2026-04-28 13:38:20,846 - INFO - Processing 1 rows
2026-04-28 13:38:20,860 - INFO - Assigned label: Moderate Pollution
2026-04-28 13:38:20,864 - INFO - Inserted 1 rows
2026-04-28 13:38:21,129 - INFO - Plots updated
2026-04-28 13:39:21,134 - INFO - Processing 1 rows
2026-04-28 13:39:21,146 - INFO - Assigned label: Moderate Pollution
2026-04-28 13:39:21,151 - INFO - Inserted 1 rows
2026-04-28 13:39:21,431 - INFO - Plots updated
2026-04-28 13:40:21,436 - INFO - Processing 1 rows
2026-04-28 13:40:21,452 - INFO - Assigned label: Moderate Pollution
2026-04-28 13:40:21,457 - INFO - Inserted 1 rows
2026-04-28 13:40:21,731 - INFO - Plots updated
2026-04-28 13:41:21,736 - INFO - Processing 1 rows
2026-04-28 13:41:21,748 - INFO - Assigned label: Moderate Pollution
2026-04-28 13:41:21,752 - INFO - Inserted 1 rows
2026-04-28 13:41:22,012 - INFO - Plots updated
2026-04-28 13:42:22,022 - INFO - Processing 1 rows
2026-04-28 13:42:22,057 - INFO - Assigned label: Moderate Pollution
2026-04-28 13:42:22,064 - INFO - Inserted 1 rows
2026-04-28 13:42:22,644 - INFO - Plots updated
2026-04-28 13:43:22,648 - INFO - Processing 1 rows
2026-04-28 13:43:22,660 - INFO - Assigned label: Moderate Pollution
2026-04-28 13:43:22,664 - INFO - Inserted 1 rows
2026-04-28 13:43:22,919 - INFO - Plots updated
2026-04-28 13:44:22,924 - INFO - Processing 1 rows
2026-04-28 13:44:22,939 - INFO - Assigned label: Moderate Pollution
2026-04-28 13:44:22,946 - INFO - Inserted 1 rows
2026-04-28 13:44:23,546 - INFO - Plots updated
2026-04-28 13:45:23,552 - INFO - Processing 1 rows
2026-04-28 13:45:23,567 - INFO - Assigned label: Moderate Pollution
2026-04-28 13:45:23,572 - INFO - Inserted 1 rows
2026-04-28 13:45:23,843 - INFO - Plots updated
2026-04-28 13:46:23,847 - INFO - Processing 1 rows
2026-04-28 13:46:23,860 - INFO - Assigned label: Moderate Pollution
2026-04-28 13:46:23,864 - INFO - Inserted 1 rows
2026-04-28 13:46:24,164 - INFO - Plots updated
2026-04-28 13:47:24,169 - INFO - Processing 1 rows
2026-04-28 13:47:24,183 - INFO - Assigned label: Moderate Pollution
2026-04-28 13:47:24,187 - INFO - Inserted 1 rows
2026-04-28 13:47:24,462 - INFO - Plots updated
2026-04-28 13:48:24,469 - INFO - Processing 1 rows
2026-04-28 13:48:24,486 - INFO - Assigned label: Moderate Pollution
2026-04-28 13:48:24,491 - INFO - Inserted 1 rows
2026-04-28 13:48:24,777 - INFO - Plots updated
2026-04-28 13:49:24,784 - INFO - Processing 1 rows
2026-04-28 13:49:24,802 - INFO - Assigned label: Moderate Pollution
2026-04-28 13:49:24,807 - INFO - Inserted 1 rows
2026-04-28 13:49:25,078 - INFO - Plots updated
2026-04-28 13:50:25,084 - INFO - Processing 1 rows
2026-04-28 13:50:25,106 - INFO - Assigned label: Moderate Pollution
2026-04-28 13:50:25,112 - INFO - Inserted 1 rows
2026-04-28 13:50:25,426 - INFO - Plots updated
2026-04-28 13:51:25,436 - INFO - Processing 1 rows
2026-04-28 13:51:25,463 - INFO - Assigned label: Unhealthy Air
2026-04-28 13:51:25,473 - INFO - Inserted 1 rows
2026-04-28 13:51:26,102 - INFO - Plots updated
2026-04-28 13:52:26,114 - INFO - Processing 1 rows
2026-04-28 13:52:26,149 - INFO - Assigned label: Moderate Pollution
2026-04-28 13:52:26,159 - INFO - Inserted 1 rows
2026-04-28 13:52:26,844 - INFO - Plots updated
2026-04-28 13:53:26,870 - INFO - Processing 1 rows
2026-04-28 13:53:26,961 - INFO - Assigned label: Unhealthy Air
2026-04-28 13:53:26,977 - INFO - Inserted 1 rows
2026-04-28 13:53:27,578 - INFO - Plots updated
2026-04-28 13:54:27,606 - INFO - Processing 1 rows
2026-04-28 13:54:27,746 - INFO - Assigned label: Unhealthy Air
2026-04-28 13:54:27,788 - INFO - Inserted 1 rows
2026-04-28 13:54:30,517 - INFO - Plots updated
2026-04-28 13:55:30,527 - INFO - Processing 1 rows
2026-04-28 13:55:30,557 - INFO - Assigned label: Moderate Pollution
2026-04-28 13:55:30,567 - INFO - Inserted 1 rows
2026-04-28 13:55:31,236 - INFO - Plots updated
2026-04-28 13:56:31,242 - INFO - Processing 1 rows
2026-04-28 13:56:31,260 - INFO - Assigned label: Moderate Pollution
2026-04-28 13:56:31,266 - INFO - Inserted 1 rows
2026-04-28 13:56:31,540 - INFO - Plots updated
2026-04-28 13:57:31,545 - INFO - Processing 1 rows
2026-04-28 13:57:31,562 - INFO - Assigned label: Moderate Pollution
2026-04-28 13:57:31,568 - INFO - Inserted 1 rows
2026-04-28 13:57:31,906 - INFO - Plots updated
2026-04-28 13:58:31,911 - INFO - Processing 1 rows
2026-04-28 13:58:31,926 - INFO - Assigned label: Unhealthy Air
2026-04-28 13:58:31,930 - INFO - Inserted 1 rows
2026-04-28 13:58:32,185 - INFO - Plots updated
2026-04-28 13:59:32,200 - INFO - Processing 1 rows
2026-04-28 13:59:32,236 - INFO - Assigned label: Unhealthy Air
2026-04-28 13:59:32,245 - INFO - Inserted 1 rows
2026-04-28 13:59:32,761 - INFO - Plots updated
2026-04-28 14:00:32,773 - INFO - Processing 1 rows
2026-04-28 14:00:32,806 - INFO - Assigned label: Unhealthy Air
2026-04-28 14:00:32,816 - INFO - Inserted 1 rows
2026-04-28 14:00:33,392 - INFO - Plots updated
2026-04-28 14:01:33,397 - INFO - Processing 1 rows
2026-04-28 14:01:33,414 - INFO - Assigned label: Moderate Pollution
2026-04-28 14:01:33,418 - INFO - Inserted 1 rows
2026-04-28 14:01:33,676 - INFO - Plots updated
2026-04-28 14:02:33,685 - INFO - Processing 1 rows
2026-04-28 14:02:33,712 - INFO - Assigned label: Unhealthy Air
2026-04-28 14:02:33,721 - INFO - Inserted 1 rows
2026-04-28 14:02:34,315 - INFO - Plots updated
2026-04-28 14:03:34,325 - INFO - Processing 1 rows
2026-04-28 14:03:34,365 - INFO - Assigned label: Unhealthy Air
2026-04-28 14:03:34,374 - INFO - Inserted 1 rows
2026-04-28 14:03:36,814 - INFO - Plots updated
2026-04-28 14:04:36,822 - INFO - Processing 1 rows
2026-04-28 14:04:36,834 - INFO - Assigned label: Unhealthy Air
2026-04-28 14:04:36,838 - INFO - Inserted 1 rows
2026-04-28 14:04:37,096 - INFO - Plots updated
2026-04-28 14:05:37,101 - INFO - Processing 1 rows
2026-04-28 14:05:37,116 - INFO - Assigned label: Unhealthy Air
2026-04-28 14:05:37,121 - INFO - Inserted 1 rows
2026-04-28 14:05:37,382 - INFO - Plots updated
2026-04-28 14:06:37,387 - INFO - Processing 1 rows
2026-04-28 14:06:37,401 - INFO - Assigned label: Unhealthy Air
2026-04-28 14:06:37,405 - INFO - Inserted 1 rows
2026-04-28 14:06:37,664 - INFO - Plots updated
2026-04-28 14:07:37,669 - INFO - Processing 1 rows
2026-04-28 14:07:37,688 - INFO - Assigned label: Moderate Pollution
2026-04-28 14:07:37,694 - INFO - Inserted 1 rows
2026-04-28 14:07:37,960 - INFO - Plots updated
2026-04-28 14:08:37,964 - INFO - Processing 1 rows
2026-04-28 14:08:37,979 - INFO - Assigned label: Unhealthy Air
2026-04-28 14:08:37,984 - INFO - Inserted 1 rows
2026-04-28 14:08:38,271 - INFO - Plots updated
2026-04-28 14:09:38,276 - INFO - Processing 1 rows
2026-04-28 14:09:38,292 - INFO - Assigned label: Unhealthy Air
2026-04-28 14:09:38,297 - INFO - Inserted 1 rows
2026-04-28 14:09:38,568 - INFO - Plots updated
2026-04-28 14:10:38,575 - INFO - Processing 1 rows
2026-04-28 14:10:38,590 - INFO - Assigned label: Unhealthy Air
2026-04-28 14:10:38,594 - INFO - Inserted 1 rows
2026-04-28 14:10:38,874 - INFO - Plots updated
2026-04-28 14:11:38,879 - INFO - Processing 1 rows
2026-04-28 14:11:38,891 - INFO - Assigned label: Unhealthy Air
2026-04-28 14:11:38,896 - INFO - Inserted 1 rows
2026-04-28 14:11:39,145 - INFO - Plots updated
2026-04-28 14:12:39,151 - INFO - Processing 1 rows
2026-04-28 14:12:39,165 - INFO - Assigned label: Moderate Pollution
2026-04-28 14:12:39,170 - INFO - Inserted 1 rows
2026-04-28 14:12:39,416 - INFO - Plots updated
2026-04-28 14:13:39,437 - INFO - Processing 1 rows
2026-04-28 14:13:39,505 - INFO - Assigned label: Unhealthy Air
2026-04-28 14:13:39,528 - INFO - Inserted 1 rows
2026-04-28 14:13:39,921 - INFO - Plots updated
2026-04-28 14:14:39,945 - INFO - Processing 1 rows
2026-04-28 14:14:40,012 - INFO - Assigned label: Moderate Pollution
2026-04-28 14:14:40,034 - INFO - Inserted 1 rows
2026-04-28 14:14:40,759 - INFO - Plots updated
2026-04-28 14:15:40,764 - INFO - Processing 1 rows
2026-04-28 14:15:40,779 - INFO - Assigned label: Unhealthy Air
2026-04-28 14:15:40,783 - INFO - Inserted 1 rows
2026-04-28 14:15:41,044 - INFO - Plots updated
2026-04-28 14:16:41,067 - INFO - Processing 1 rows
2026-04-28 14:16:41,138 - INFO - Assigned label: Unhealthy Air
2026-04-28 14:16:41,166 - INFO - Inserted 1 rows
2026-04-28 14:16:41,580 - INFO - Plots updated
2026-04-28 14:17:41,611 - INFO - Processing 1 rows
2026-04-28 14:17:41,731 - INFO - Assigned label: Unhealthy Air
2026-04-28 14:17:41,757 - INFO - Inserted 1 rows
2026-04-28 14:17:42,650 - INFO - Plots updated
2026-04-28 14:18:42,678 - INFO - Processing 1 rows
2026-04-28 14:18:42,780 - INFO - Assigned label: Moderate Pollution
2026-04-28 14:18:42,810 - INFO - Inserted 1 rows
2026-04-28 14:18:43,509 - INFO - Plots updated
2026-04-28 14:19:43,519 - INFO - Processing 1 rows
2026-04-28 14:19:43,546 - INFO - Assigned label: Unhealthy Air
2026-04-28 14:19:43,555 - INFO - Inserted 1 rows
2026-04-28 14:19:44,126 - INFO - Plots updated
2026-04-28 14:20:44,155 - INFO - Processing 1 rows
2026-04-28 14:20:44,265 - INFO - Assigned label: Unhealthy Air
2026-04-28 14:20:44,290 - INFO - Inserted 1 rows
2026-04-28 14:20:44,912 - INFO - Plots updated
2026-04-28 14:21:44,922 - INFO - Processing 1 rows
2026-04-28 14:21:44,956 - INFO - Assigned label: Unhealthy Air
2026-04-28 14:21:44,966 - INFO - Inserted 1 rows
2026-04-28 14:21:45,545 - INFO - Plots updated
2026-04-28 14:22:45,554 - INFO - Processing 1 rows
2026-04-28 14:22:45,593 - INFO - Assigned label: Unhealthy Air
2026-04-28 14:22:45,603 - INFO - Inserted 1 rows
2026-04-28 14:22:46,262 - INFO - Plots updated
2026-04-28 14:23:46,273 - INFO - Processing 1 rows
2026-04-28 14:23:46,304 - INFO - Assigned label: Unhealthy Air
2026-04-28 14:23:46,315 - INFO - Inserted 1 rows
2026-04-28 14:23:46,975 - INFO - Plots updated
2026-04-28 14:24:46,985 - INFO - Processing 1 rows
2026-04-28 14:24:47,025 - INFO - Assigned label: Unhealthy Air
2026-04-28 14:24:47,036 - INFO - Inserted 1 rows
2026-04-28 14:24:47,621 - INFO - Plots updated
2026-04-28 14:25:47,631 - INFO - Processing 1 rows
2026-04-28 14:25:47,658 - INFO - Assigned label: Unhealthy Air
2026-04-28 14:25:47,667 - INFO - Inserted 1 rows
2026-04-28 14:25:48,807 - INFO - Plots updated
2026-04-28 14:26:48,813 - INFO - Processing 1 rows
2026-04-28 14:26:48,826 - INFO - Assigned label: Unhealthy Air
2026-04-28 14:26:48,830 - INFO - Inserted 1 rows
2026-04-28 14:26:49,115 - INFO - Plots updated
2026-04-28 14:27:49,123 - INFO - Processing 1 rows
2026-04-28 14:27:49,151 - INFO - Assigned label: Unhealthy Air
2026-04-28 14:27:49,160 - INFO - Inserted 1 rows
2026-04-28 14:27:49,715 - INFO - Plots updated
2026-04-28 14:28:49,724 - INFO - Processing 1 rows
2026-04-28 14:28:49,771 - INFO - Assigned label: Unhealthy Air
2026-04-28 14:28:49,780 - INFO - Inserted 1 rows
2026-04-28 14:28:50,479 - INFO - Plots updated
2026-04-28 14:29:50,489 - INFO - Processing 1 rows
2026-04-28 14:29:50,523 - INFO - Assigned label: Unhealthy Air
2026-04-28 14:29:50,534 - INFO - Inserted 1 rows
2026-04-28 14:29:51,136 - INFO - Plots updated
2026-04-28 14:30:51,141 - INFO - Processing 1 rows
2026-04-28 14:30:51,159 - INFO - Assigned label: Unhealthy Air
2026-04-28 14:30:51,164 - INFO - Inserted 1 rows
2026-04-28 14:30:51,438 - INFO - Plots updated
2026-04-28 14:31:51,442 - INFO - Processing 1 rows
2026-04-28 14:31:51,461 - INFO - Assigned label: Unhealthy Air
2026-04-28 14:31:51,466 - INFO - Inserted 1 rows
2026-04-28 14:31:51,712 - INFO - Plots updated
2026-04-28 14:32:51,717 - INFO - Processing 1 rows
2026-04-28 14:32:51,731 - INFO - Assigned label: Unhealthy Air
2026-04-28 14:32:51,736 - INFO - Inserted 1 rows
2026-04-28 14:32:52,006 - INFO - Plots updated
2026-04-28 14:33:52,012 - INFO - Processing 1 rows
2026-04-28 14:33:52,027 - INFO - Assigned label: Unhealthy Air
2026-04-28 14:33:52,031 - INFO - Inserted 1 rows
2026-04-28 14:33:52,287 - INFO - Plots updated
2026-04-28 14:34:52,293 - INFO - Processing 1 rows
2026-04-28 14:34:52,317 - INFO - Assigned label: Unhealthy Air
2026-04-28 14:34:52,321 - INFO - Inserted 1 rows
2026-04-28 14:34:52,806 - INFO - Plots updated
2026-04-28 14:35:52,815 - INFO - Processing 1 rows
2026-04-28 14:35:52,842 - INFO - Assigned label: Unhealthy Air
2026-04-28 14:35:52,851 - INFO - Inserted 1 rows
2026-04-28 14:35:53,444 - INFO - Plots updated
2026-04-28 14:36:53,453 - INFO - Processing 1 rows
2026-04-28 14:36:53,491 - INFO - Assigned label: Unhealthy Air
2026-04-28 14:36:53,502 - INFO - Inserted 1 rows
2026-04-28 14:36:54,098 - INFO - Plots updated
2026-04-28 14:37:54,108 - INFO - Processing 1 rows
2026-04-28 14:37:54,136 - INFO - Assigned label: Unhealthy Air
2026-04-28 14:37:54,147 - INFO - Inserted 1 rows
2026-04-28 14:37:55,443 - INFO - Plots updated
2026-04-28 14:38:55,453 - INFO - Processing 1 rows
2026-04-28 14:38:55,487 - INFO - Assigned label: Unhealthy Air
2026-04-28 14:38:55,497 - INFO - Inserted 1 rows
2026-04-28 14:38:56,146 - INFO - Plots updated
2026-04-28 14:39:56,159 - INFO - Processing 1 rows
2026-04-28 14:39:56,195 - INFO - Assigned label: Unhealthy Air
2026-04-28 14:39:56,204 - INFO - Inserted 1 rows
2026-04-28 14:39:56,794 - INFO - Plots updated
2026-04-28 14:40:56,806 - INFO - Processing 1 rows
2026-04-28 14:40:56,848 - INFO - Assigned label: Unhealthy Air
2026-04-28 14:40:56,860 - INFO - Inserted 1 rows
2026-04-28 14:40:57,527 - INFO - Plots updated
2026-04-28 14:41:57,539 - INFO - Processing 1 rows
2026-04-28 14:41:57,573 - INFO - Assigned label: Unhealthy Air
2026-04-28 14:41:57,582 - INFO - Inserted 1 rows
2026-04-28 14:41:58,118 - INFO - Plots updated
2026-04-28 14:42:58,123 - INFO - Processing 1 rows
2026-04-28 14:42:58,137 - INFO - Assigned label: Unhealthy Air
2026-04-28 14:42:58,142 - INFO - Inserted 1 rows
2026-04-28 14:42:58,392 - INFO - Plots updated
2026-04-28 14:43:58,401 - INFO - Processing 1 rows
2026-04-28 14:43:58,427 - INFO - Assigned label: Moderate Pollution
2026-04-28 14:43:58,437 - INFO - Inserted 1 rows
2026-04-28 14:43:59,030 - INFO - Plots updated
2026-04-28 14:44:59,040 - INFO - Processing 1 rows
2026-04-28 14:44:59,073 - INFO - Assigned label: Unhealthy Air
2026-04-28 14:44:59,082 - INFO - Inserted 1 rows
2026-04-28 14:45:00,285 - INFO - Plots updated
2026-04-28 14:46:00,293 - INFO - Processing 1 rows
2026-04-28 14:46:00,311 - INFO - Assigned label: Unhealthy Air
2026-04-28 14:46:00,316 - INFO - Inserted 1 rows
2026-04-28 14:46:00,583 - INFO - Plots updated
2026-04-28 14:47:00,588 - INFO - Processing 1 rows
2026-04-28 14:47:00,602 - INFO - Assigned label: Unhealthy Air
2026-04-28 14:47:00,607 - INFO - Inserted 1 rows
2026-04-28 14:47:01,143 - INFO - Plots updated
2026-04-28 14:48:01,154 - INFO - Processing 1 rows
2026-04-28 14:48:01,191 - INFO - Assigned label: Unhealthy Air
2026-04-28 14:48:01,200 - INFO - Inserted 1 rows
2026-04-28 14:48:01,667 - INFO - Plots updated
2026-04-28 14:49:01,680 - INFO - Processing 1 rows
2026-04-28 14:49:01,711 - INFO - Assigned label: Unhealthy Air
2026-04-28 14:49:01,727 - INFO - Inserted 1 rows
2026-04-28 14:49:02,281 - INFO - Plots updated
2026-04-28 14:50:02,305 - INFO - Processing 1 rows
2026-04-28 14:50:02,461 - INFO - Assigned label: Unhealthy Air
2026-04-28 14:50:02,487 - INFO - Inserted 1 rows
2026-04-28 14:50:04,363 - INFO - Plots updated
2026-04-28 14:51:04,376 - INFO - Processing 1 rows
2026-04-28 14:51:04,393 - INFO - Assigned label: Unhealthy Air
2026-04-28 14:51:04,398 - INFO - Inserted 1 rows
2026-04-28 14:51:04,703 - INFO - Plots updated
2026-04-28 14:52:04,707 - INFO - Processing 1 rows
2026-04-28 14:52:04,721 - INFO - Assigned label: Unhealthy Air
2026-04-28 14:52:04,726 - INFO - Inserted 1 rows
2026-04-28 14:52:04,974 - INFO - Plots updated
2026-04-28 14:53:04,979 - INFO - Processing 1 rows
2026-04-28 14:53:04,999 - INFO - Assigned label: Unhealthy Air
2026-04-28 14:53:05,003 - INFO - Inserted 1 rows
2026-04-28 14:53:05,310 - INFO - Plots updated
2026-04-28 14:54:05,331 - INFO - Processing 1 rows
2026-04-28 14:54:05,411 - INFO - Assigned label: Moderate Pollution
2026-04-28 14:54:05,438 - INFO - Inserted 1 rows
2026-04-28 14:54:06,102 - INFO - Plots updated
2026-04-28 14:55:06,108 - INFO - Processing 1 rows
2026-04-28 14:55:06,123 - INFO - Assigned label: Moderate Pollution
2026-04-28 14:55:06,128 - INFO - Inserted 1 rows
2026-04-28 14:55:06,401 - INFO - Plots updated
2026-04-28 14:56:06,406 - INFO - Processing 1 rows
2026-04-28 14:56:06,420 - INFO - Assigned label: Unhealthy Air
2026-04-28 14:56:06,424 - INFO - Inserted 1 rows
2026-04-28 14:56:06,695 - INFO - Plots updated
2026-04-28 14:57:06,701 - INFO - Processing 1 rows
2026-04-28 14:57:06,715 - INFO - Assigned label: Unhealthy Air
2026-04-28 14:57:06,720 - INFO - Inserted 1 rows
2026-04-28 14:57:06,999 - INFO - Plots updated
2026-04-28 14:58:07,007 - INFO - Processing 1 rows
2026-04-28 14:58:07,043 - INFO - Assigned label: Unhealthy Air
2026-04-28 14:58:07,054 - INFO - Inserted 1 rows
2026-04-28 14:58:08,289 - INFO - Plots updated
2026-04-28 14:59:08,294 - INFO - Processing 1 rows
2026-04-28 14:59:08,308 - INFO - Assigned label: Unhealthy Air
2026-04-28 14:59:08,314 - INFO - Inserted 1 rows
2026-04-28 14:59:08,589 - INFO - Plots updated
2026-04-28 15:00:08,635 - INFO - Processing 1 rows
2026-04-28 15:00:08,846 - INFO - Assigned label: Unhealthy Air
2026-04-28 15:00:08,891 - INFO - Inserted 1 rows
2026-04-28 15:00:11,606 - INFO - Plots updated
2026-04-28 15:01:11,614 - INFO - Processing 1 rows
2026-04-28 15:01:11,635 - INFO - Assigned label: Unhealthy Air
2026-04-28 15:01:11,641 - INFO - Inserted 1 rows
2026-04-28 15:01:11,930 - INFO - Plots updated
2026-04-28 15:02:11,942 - INFO - Processing 1 rows
2026-04-28 15:02:11,975 - INFO - Assigned label: Unhealthy Air
2026-04-28 15:02:11,986 - INFO - Inserted 1 rows
2026-04-28 15:02:12,583 - INFO - Plots updated
2026-04-28 15:03:12,593 - INFO - Processing 1 rows
2026-04-28 15:03:12,627 - INFO - Assigned label: Unhealthy Air
2026-04-28 15:03:12,635 - INFO - Inserted 1 rows
2026-04-28 15:03:13,299 - INFO - Plots updated
2026-04-28 15:04:13,304 - INFO - Processing 1 rows
2026-04-28 15:04:13,318 - INFO - Assigned label: Unhealthy Air
2026-04-28 15:04:13,322 - INFO - Inserted 1 rows
2026-04-28 15:04:13,582 - INFO - Plots updated
2026-04-28 15:05:13,590 - INFO - Processing 1 rows
2026-04-28 15:05:13,613 - INFO - Assigned label: Unhealthy Air
2026-04-28 15:05:13,619 - INFO - Inserted 1 rows
2026-04-28 15:05:13,896 - INFO - Plots updated
2026-04-28 15:06:13,901 - INFO - Processing 1 rows
2026-04-28 15:06:13,915 - INFO - Assigned label: Unhealthy Air
2026-04-28 15:06:13,919 - INFO - Inserted 1 rows
2026-04-28 15:06:14,177 - INFO - Plots updated
2026-04-28 15:07:14,182 - INFO - Processing 1 rows
2026-04-28 15:07:14,201 - INFO - Assigned label: Unhealthy Air
2026-04-28 15:07:14,206 - INFO - Inserted 1 rows
2026-04-28 15:07:14,462 - INFO - Plots updated
2026-04-28 15:08:14,467 - INFO - Processing 1 rows
2026-04-28 15:08:14,481 - INFO - Assigned label: Unhealthy Air
2026-04-28 15:08:14,485 - INFO - Inserted 1 rows
2026-04-28 15:08:14,774 - INFO - Plots updated
2026-04-28 15:09:14,778 - INFO - Processing 1 rows
2026-04-28 15:09:14,793 - INFO - Assigned label: Unhealthy Air
2026-04-28 15:09:14,797 - INFO - Inserted 1 rows
2026-04-28 15:09:15,373 - INFO - Plots updated
2026-04-28 15:10:15,378 - INFO - Processing 1 rows
2026-04-28 15:10:15,394 - INFO - Assigned label: Unhealthy Air
2026-04-28 15:10:15,400 - INFO - Inserted 1 rows
2026-04-28 15:10:15,727 - INFO - Plots updated
2026-04-28 15:11:15,734 - INFO - Processing 2 rows
2026-04-28 15:11:15,753 - INFO - Assigned label: Unhealthy Air
2026-04-28 15:11:15,759 - INFO - Inserted 2 rows
2026-04-28 15:11:16,054 - INFO - Plots updated
2026-04-28 15:12:16,060 - INFO - Processing 1 rows
2026-04-28 15:12:16,076 - INFO - Assigned label: Unhealthy Air
2026-04-28 15:12:16,083 - INFO - Inserted 1 rows
2026-04-28 15:12:16,347 - INFO - Plots updated
2026-04-28 15:13:16,352 - INFO - Processing 1 rows
2026-04-28 15:13:16,369 - INFO - Assigned label: Unhealthy Air
2026-04-28 15:13:16,374 - INFO - Inserted 1 rows
2026-04-28 15:13:16,617 - INFO - Plots updated
2026-04-28 15:14:16,625 - INFO - Processing 1 rows
2026-04-28 15:14:16,662 - INFO - Assigned label: Unhealthy Air
2026-04-28 15:14:16,674 - INFO - Inserted 1 rows
2026-04-28 15:14:17,243 - INFO - Plots updated
2026-04-28 15:15:17,252 - INFO - Processing 1 rows
2026-04-28 15:15:17,281 - INFO - Assigned label: Unhealthy Air
2026-04-28 15:15:17,297 - INFO - Inserted 1 rows
2026-04-28 15:15:17,865 - INFO - Plots updated
2026-04-28 15:16:17,869 - INFO - Processing 1 rows
2026-04-28 15:16:17,886 - INFO - Assigned label: Unhealthy Air
2026-04-28 15:16:17,890 - INFO - Inserted 1 rows
2026-04-28 15:16:18,166 - INFO - Plots updated
2026-04-28 15:17:18,177 - INFO - Processing 1 rows
2026-04-28 15:17:18,211 - INFO - Assigned label: Unhealthy Air
2026-04-28 15:17:18,222 - INFO - Inserted 1 rows
2026-04-28 15:17:18,844 - INFO - Plots updated
2026-04-28 15:18:18,853 - INFO - Processing 1 rows
2026-04-28 15:18:18,880 - INFO - Assigned label: Unhealthy Air
2026-04-28 15:18:18,889 - INFO - Inserted 1 rows
2026-04-28 15:18:19,143 - INFO - Plots updated
2026-04-28 15:19:19,152 - INFO - Processing 1 rows
2026-04-28 15:19:19,182 - INFO - Assigned label: Unhealthy Air
2026-04-28 15:19:19,193 - INFO - Inserted 1 rows
2026-04-28 15:19:19,795 - INFO - Plots updated
2026-04-28 15:20:19,807 - INFO - Processing 1 rows
2026-04-28 15:20:19,842 - INFO - Assigned label: Unhealthy Air
2026-04-28 15:20:19,852 - INFO - Inserted 1 rows
2026-04-28 15:20:20,908 - INFO - Plots updated
2026-04-28 15:21:20,917 - INFO - Processing 1 rows
2026-04-28 15:21:20,931 - INFO - Assigned label: Moderate Pollution
2026-04-28 15:21:20,935 - INFO - Inserted 1 rows
2026-04-28 15:21:21,195 - INFO - Plots updated
2026-04-28 15:22:21,206 - INFO - Processing 1 rows
2026-04-28 15:22:21,241 - INFO - Assigned label: Unhealthy Air
2026-04-28 15:22:21,250 - INFO - Inserted 1 rows
2026-04-28 15:22:21,789 - INFO - Plots updated
2026-04-28 15:23:21,799 - INFO - Processing 1 rows
2026-04-28 15:23:21,828 - INFO - Assigned label: Moderate Pollution
2026-04-28 15:23:21,838 - INFO - Inserted 1 rows
2026-04-28 15:23:22,171 - INFO - Plots updated
2026-04-28 15:24:22,181 - INFO - Processing 1 rows
2026-04-28 15:24:22,226 - INFO - Assigned label: Unhealthy Air
2026-04-28 15:24:22,235 - INFO - Inserted 1 rows
2026-04-28 15:24:22,852 - INFO - Plots updated
2026-04-28 15:25:22,857 - INFO - Processing 1 rows
2026-04-28 15:25:22,874 - INFO - Assigned label: Unhealthy Air
2026-04-28 15:25:22,879 - INFO - Inserted 1 rows
2026-04-28 15:25:23,171 - INFO - Plots updated
2026-04-28 15:26:23,176 - INFO - Processing 1 rows
2026-04-28 15:26:23,194 - INFO - Assigned label: Unhealthy Air
2026-04-28 15:26:23,199 - INFO - Inserted 1 rows
2026-04-28 15:26:23,471 - INFO - Plots updated
2026-04-28 15:27:23,476 - INFO - Processing 1 rows
2026-04-28 15:27:23,491 - INFO - Assigned label: Unhealthy Air
2026-04-28 15:27:23,497 - INFO - Inserted 1 rows
2026-04-28 15:27:23,779 - INFO - Plots updated
2026-04-28 15:28:23,839 - INFO - Processing 1 rows
2026-04-28 15:28:23,992 - INFO - Assigned label: Unhealthy Air
2026-04-28 15:28:24,053 - INFO - Inserted 1 rows
2026-04-28 15:28:27,784 - INFO - Plots updated
2026-04-28 15:29:27,795 - INFO - Processing 1 rows
2026-04-28 15:29:27,842 - INFO - Assigned label: Unhealthy Air
2026-04-28 15:29:27,855 - INFO - Inserted 1 rows
2026-04-28 15:29:28,473 - INFO - Plots updated
2026-04-28 15:30:28,480 - INFO - Processing 1 rows
2026-04-28 15:30:28,504 - INFO - Assigned label: Unhealthy Air
2026-04-28 15:30:28,510 - INFO - Inserted 1 rows
2026-04-28 15:30:28,771 - INFO - Plots updated
2026-04-28 15:31:28,781 - INFO - Processing 1 rows
2026-04-28 15:31:28,809 - INFO - Assigned label: Unhealthy Air
2026-04-28 15:31:28,818 - INFO - Inserted 1 rows
2026-04-28 15:31:30,143 - INFO - Plots updated
2026-04-28 15:32:30,167 - INFO - Processing 1 rows
2026-04-28 15:32:30,263 - INFO - Assigned label: Unhealthy Air
2026-04-28 15:32:30,292 - INFO - Inserted 1 rows
2026-04-28 15:32:31,619 - INFO - Plots updated
2026-04-28 15:33:31,626 - INFO - Processing 1 rows
2026-04-28 15:33:31,645 - INFO - Assigned label: Unhealthy Air
2026-04-28 15:33:31,649 - INFO - Inserted 1 rows
2026-04-28 15:33:31,925 - INFO - Plots updated
2026-04-28 15:34:31,931 - INFO - Processing 1 rows
2026-04-28 15:34:31,952 - INFO - Assigned label: Unhealthy Air
2026-04-28 15:34:31,958 - INFO - Inserted 1 rows
2026-04-28 15:34:32,233 - INFO - Plots updated
2026-04-28 15:35:32,237 - INFO - Processing 1 rows
2026-04-28 15:35:32,253 - INFO - Assigned label: Unhealthy Air
2026-04-28 15:35:32,258 - INFO - Inserted 1 rows
2026-04-28 15:35:32,557 - INFO - Plots updated
2026-04-28 15:36:32,562 - INFO - Processing 1 rows
2026-04-28 15:36:32,578 - INFO - Assigned label: Unhealthy Air
2026-04-28 15:36:32,584 - INFO - Inserted 1 rows
2026-04-28 15:36:32,860 - INFO - Plots updated
2026-04-28 15:37:32,869 - INFO - Processing 1 rows
2026-04-28 15:37:32,901 - INFO - Assigned label: Unhealthy Air
2026-04-28 15:37:32,910 - INFO - Inserted 1 rows
2026-04-28 15:37:33,503 - INFO - Plots updated
2026-04-28 15:38:33,507 - INFO - Processing 1 rows
2026-04-28 15:38:33,521 - INFO - Assigned label: Unhealthy Air
2026-04-28 15:38:33,526 - INFO - Inserted 1 rows
2026-04-28 15:38:33,785 - INFO - Plots updated
2026-04-28 15:39:33,797 - INFO - Processing 1 rows
2026-04-28 15:39:33,829 - INFO - Assigned label: Unhealthy Air
2026-04-28 15:39:33,841 - INFO - Inserted 1 rows
2026-04-28 15:39:34,213 - INFO - Plots updated
2026-04-28 15:40:34,224 - INFO - Processing 1 rows
2026-04-28 15:40:34,259 - INFO - Assigned label: Unhealthy Air
2026-04-28 15:40:34,271 - INFO - Inserted 1 rows
2026-04-28 15:40:34,867 - INFO - Plots updated
2026-04-28 15:43:37,074 - INFO - Processing 1 rows
2026-04-28 15:43:37,632 - INFO - Assigned label: Unhealthy Air
2026-04-28 15:43:37,759 - INFO - Inserted 1 rows
2026-04-28 15:43:40,755 - INFO - Plots updated
2026-04-28 15:44:40,771 - INFO - Processing 2 rows
2026-04-28 15:44:40,794 - INFO - Assigned label: Unhealthy Air
2026-04-28 15:44:40,801 - INFO - Inserted 2 rows
2026-04-28 15:44:41,391 - INFO - Plots updated
2026-04-28 15:45:41,396 - INFO - Processing 1 rows
2026-04-28 15:45:41,410 - INFO - Assigned label: Unhealthy Air
2026-04-28 15:45:41,415 - INFO - Inserted 1 rows
2026-04-28 15:45:41,676 - INFO - Plots updated
2026-04-28 15:46:41,681 - INFO - Processing 1 rows
2026-04-28 15:46:41,693 - INFO - Assigned label: Unhealthy Air
2026-04-28 15:46:41,697 - INFO - Inserted 1 rows
2026-04-28 15:46:41,930 - INFO - Plots updated
2026-04-28 15:47:41,934 - INFO - Processing 1 rows
2026-04-28 15:47:41,949 - INFO - Assigned label: Unhealthy Air
2026-04-28 15:47:41,953 - INFO - Inserted 1 rows
2026-04-28 15:47:42,213 - INFO - Plots updated
2026-04-28 15:48:42,218 - INFO - Processing 1 rows
2026-04-28 15:48:42,231 - INFO - Assigned label: Unhealthy Air
2026-04-28 15:48:42,237 - INFO - Inserted 1 rows
2026-04-28 15:48:42,504 - INFO - Plots updated
2026-04-28 15:49:42,509 - INFO - Processing 1 rows
2026-04-28 15:49:42,523 - INFO - Assigned label: Unhealthy Air
2026-04-28 15:49:42,528 - INFO - Inserted 1 rows
2026-04-28 15:49:42,790 - INFO - Plots updated
2026-04-28 15:50:42,796 - INFO - Processing 1 rows
2026-04-28 15:50:42,812 - INFO - Assigned label: Unhealthy Air
2026-04-28 15:50:42,817 - INFO - Inserted 1 rows
2026-04-28 15:50:43,085 - INFO - Plots updated
2026-04-28 15:51:43,090 - INFO - Processing 1 rows
2026-04-28 15:51:43,104 - INFO - Assigned label: Unhealthy Air
2026-04-28 15:51:43,109 - INFO - Inserted 1 rows
2026-04-28 15:51:43,367 - INFO - Plots updated
2026-04-28 15:52:43,373 - INFO - Processing 1 rows
2026-04-28 15:52:43,391 - INFO - Assigned label: Unhealthy Air
2026-04-28 15:52:43,396 - INFO - Inserted 1 rows
2026-04-28 15:52:43,744 - INFO - Plots updated
2026-04-28 15:53:43,751 - INFO - Processing 1 rows
2026-04-28 15:53:43,767 - INFO - Assigned label: Unhealthy Air
2026-04-28 15:53:43,772 - INFO - Inserted 1 rows
2026-04-28 15:53:44,043 - INFO - Plots updated
2026-04-28 15:54:44,048 - INFO - Processing 1 rows
2026-04-28 15:54:44,063 - INFO - Assigned label: Unhealthy Air
2026-04-28 15:54:44,114 - INFO - Inserted 1 rows
2026-04-28 15:54:44,393 - INFO - Plots updated
2026-04-28 15:55:44,398 - INFO - Processing 1 rows
2026-04-28 15:55:44,415 - INFO - Assigned label: Unhealthy Air
2026-04-28 15:55:44,420 - INFO - Inserted 1 rows
2026-04-28 15:55:45,062 - INFO - Plots updated
2026-04-28 15:56:45,068 - INFO - Processing 1 rows
2026-04-28 15:56:45,091 - INFO - Assigned label: Unhealthy Air
2026-04-28 15:56:45,095 - INFO - Inserted 1 rows
2026-04-28 15:56:45,335 - INFO - Plots updated
2026-04-28 15:57:45,342 - INFO - Processing 1 rows
2026-04-28 15:57:45,366 - INFO - Assigned label: Unhealthy Air
2026-04-28 15:57:45,371 - INFO - Inserted 1 rows
2026-04-28 15:57:45,623 - INFO - Plots updated
2026-04-28 15:58:45,635 - INFO - Processing 1 rows
2026-04-28 15:58:45,674 - INFO - Assigned label: Unhealthy Air
2026-04-28 15:58:45,683 - INFO - Inserted 1 rows
2026-04-28 15:58:46,359 - INFO - Plots updated
2026-04-28 15:59:46,369 - INFO - Processing 1 rows
2026-04-28 15:59:46,386 - INFO - Assigned label: Unhealthy Air
2026-04-28 15:59:46,391 - INFO - Inserted 1 rows
2026-04-28 15:59:46,652 - INFO - Plots updated
2026-04-28 16:00:46,657 - INFO - Processing 1 rows
2026-04-28 16:00:46,673 - INFO - Assigned label: Unhealthy Air
2026-04-28 16:00:46,678 - INFO - Inserted 1 rows
2026-04-28 16:00:46,925 - INFO - Plots updated
2026-04-28 16:01:46,931 - INFO - Processing 1 rows
2026-04-28 16:01:46,954 - INFO - Assigned label: Unhealthy Air
2026-04-28 16:01:46,962 - INFO - Inserted 1 rows
2026-04-28 16:01:47,267 - INFO - Plots updated
2026-04-28 16:02:47,271 - INFO - Processing 1 rows
2026-04-28 16:02:47,288 - INFO - Assigned label: Unhealthy Air
2026-04-28 16:02:47,293 - INFO - Inserted 1 rows
2026-04-28 16:02:47,540 - INFO - Plots updated
2026-04-28 16:03:47,545 - INFO - Processing 1 rows
2026-04-28 16:03:47,558 - INFO - Assigned label: Unhealthy Air
2026-04-28 16:03:47,562 - INFO - Inserted 1 rows
2026-04-28 16:03:47,809 - INFO - Plots updated
2026-04-28 16:04:47,813 - INFO - Processing 1 rows
2026-04-28 16:04:47,827 - INFO - Assigned label: Unhealthy Air
2026-04-28 16:04:47,831 - INFO - Inserted 1 rows
2026-04-28 16:04:48,106 - INFO - Plots updated
2026-04-28 16:05:48,111 - INFO - Processing 1 rows
2026-04-28 16:05:48,123 - INFO - Assigned label: Unhealthy Air
2026-04-28 16:05:48,128 - INFO - Inserted 1 rows
2026-04-28 16:05:48,381 - INFO - Plots updated
2026-04-28 16:06:48,386 - INFO - Processing 1 rows
2026-04-28 16:06:48,401 - INFO - Assigned label: Unhealthy Air
2026-04-28 16:06:48,405 - INFO - Inserted 1 rows
2026-04-28 16:06:48,658 - INFO - Plots updated
2026-04-28 16:07:48,664 - INFO - Processing 1 rows
2026-04-28 16:07:48,687 - INFO - Assigned label: Unhealthy Air
2026-04-28 16:07:48,693 - INFO - Inserted 1 rows
2026-04-28 16:07:48,962 - INFO - Plots updated
2026-04-28 16:08:48,970 - INFO - Processing 1 rows
2026-04-28 16:08:48,988 - INFO - Assigned label: Unhealthy Air
2026-04-28 16:08:48,992 - INFO - Inserted 1 rows
2026-04-28 16:08:49,533 - INFO - Plots updated
2026-04-28 16:09:49,539 - INFO - Processing 1 rows
2026-04-28 16:09:49,554 - INFO - Assigned label: Unhealthy Air
2026-04-28 16:09:49,559 - INFO - Inserted 1 rows
2026-04-28 16:09:49,800 - INFO - Plots updated
2026-04-28 16:10:49,809 - INFO - Processing 1 rows
2026-04-28 16:10:49,837 - INFO - Assigned label: Unhealthy Air
2026-04-28 16:10:49,847 - INFO - Inserted 1 rows
2026-04-28 16:10:50,403 - INFO - Plots updated
2026-04-28 16:11:50,408 - INFO - Processing 1 rows
2026-04-28 16:11:50,423 - INFO - Assigned label: Unhealthy Air
2026-04-28 16:11:50,428 - INFO - Inserted 1 rows
2026-04-28 16:11:50,683 - INFO - Plots updated
2026-04-28 16:12:50,688 - INFO - Processing 1 rows
2026-04-28 16:12:50,702 - INFO - Assigned label: Unhealthy Air
2026-04-28 16:12:50,707 - INFO - Inserted 1 rows
2026-04-28 16:12:50,944 - INFO - Plots updated
2026-04-28 16:13:50,949 - INFO - Processing 1 rows
2026-04-28 16:13:50,962 - INFO - Assigned label: Unhealthy Air
2026-04-28 16:13:50,966 - INFO - Inserted 1 rows
2026-04-28 16:13:51,230 - INFO - Plots updated
2026-04-28 16:14:51,240 - INFO - Processing 1 rows
2026-04-28 16:14:51,270 - INFO - Assigned label: Unhealthy Air
2026-04-28 16:14:51,280 - INFO - Inserted 1 rows
2026-04-28 16:14:51,758 - INFO - Plots updated
2026-04-28 16:15:51,763 - INFO - Processing 1 rows
2026-04-28 16:15:51,785 - INFO - Assigned label: Unhealthy Air
2026-04-28 16:15:51,790 - INFO - Inserted 1 rows
2026-04-28 16:15:52,044 - INFO - Plots updated
2026-04-28 16:16:52,049 - INFO - Processing 1 rows
2026-04-28 16:16:52,062 - INFO - Assigned label: Unhealthy Air
2026-04-28 16:16:52,066 - INFO - Inserted 1 rows
2026-04-28 16:16:52,330 - INFO - Plots updated
2026-04-28 16:17:52,337 - INFO - Processing 1 rows
2026-04-28 16:17:52,372 - INFO - Assigned label: Unhealthy Air
2026-04-28 16:17:52,384 - INFO - Inserted 1 rows
2026-04-28 16:17:52,970 - INFO - Plots updated
2026-04-28 16:18:52,974 - INFO - Processing 1 rows
2026-04-28 16:18:52,984 - INFO - Assigned label: Unhealthy Air
2026-04-28 16:18:52,988 - INFO - Inserted 1 rows
2026-04-28 16:18:53,221 - INFO - Plots updated
2026-04-28 16:19:53,230 - INFO - Processing 1 rows
2026-04-28 16:19:53,260 - INFO - Assigned label: Unhealthy Air
2026-04-28 16:19:53,269 - INFO - Inserted 1 rows
2026-04-28 16:19:54,187 - INFO - Plots updated
2026-04-28 16:20:54,197 - INFO - Processing 1 rows
2026-04-28 16:20:54,232 - INFO - Assigned label: Unhealthy Air
2026-04-28 16:20:54,243 - INFO - Inserted 1 rows
2026-04-28 16:20:54,849 - INFO - Plots updated
2026-04-28 16:21:54,859 - INFO - Processing 1 rows
2026-04-28 16:21:54,890 - INFO - Assigned label: Unhealthy Air
2026-04-28 16:21:54,899 - INFO - Inserted 1 rows
2026-04-28 16:21:55,208 - INFO - Plots updated
2026-04-28 16:22:55,217 - INFO - Processing 1 rows
2026-04-28 16:22:55,249 - INFO - Assigned label: Unhealthy Air
2026-04-28 16:22:55,261 - INFO - Inserted 1 rows
2026-04-28 16:22:55,915 - INFO - Plots updated
2026-04-28 16:23:55,923 - INFO - Processing 1 rows
2026-04-28 16:23:55,972 - INFO - Assigned label: Unhealthy Air
2026-04-28 16:23:55,982 - INFO - Inserted 1 rows
2026-04-28 16:23:56,689 - INFO - Plots updated
2026-04-28 16:24:56,701 - INFO - Processing 1 rows
2026-04-28 16:24:56,735 - INFO - Assigned label: Unhealthy Air
2026-04-28 16:24:56,747 - INFO - Inserted 1 rows
2026-04-28 16:24:57,268 - INFO - Plots updated
2026-04-28 16:25:57,278 - INFO - Processing 1 rows
2026-04-28 16:25:57,312 - INFO - Assigned label: Unhealthy Air
2026-04-28 16:25:57,321 - INFO - Inserted 1 rows
2026-04-28 16:25:58,026 - INFO - Plots updated
2026-04-28 16:26:58,038 - INFO - Processing 1 rows
2026-04-28 16:26:58,067 - INFO - Assigned label: Unhealthy Air
2026-04-28 16:26:58,079 - INFO - Inserted 1 rows
2026-04-28 16:26:58,546 - INFO - Plots updated
2026-04-28 16:27:58,552 - INFO - Processing 1 rows
2026-04-28 16:27:58,574 - INFO - Assigned label: Unhealthy Air
2026-04-28 16:27:58,580 - INFO - Inserted 1 rows
2026-04-28 16:27:58,869 - INFO - Plots updated
2026-04-28 16:28:58,879 - INFO - Processing 1 rows
2026-04-28 16:28:58,917 - INFO - Assigned label: Unhealthy Air
2026-04-28 16:28:58,930 - INFO - Inserted 1 rows
2026-04-28 16:28:59,621 - INFO - Plots updated
2026-04-28 16:29:59,627 - INFO - Processing 1 rows
2026-04-28 16:29:59,645 - INFO - Assigned label: Unhealthy Air
2026-04-28 16:29:59,650 - INFO - Inserted 1 rows
2026-04-28 16:30:00,392 - INFO - Plots updated
2026-04-28 16:31:00,405 - INFO - Processing 1 rows
2026-04-28 16:31:00,453 - INFO - Assigned label: Unhealthy Air
2026-04-28 16:31:00,466 - INFO - Inserted 1 rows
2026-04-28 16:31:01,143 - INFO - Plots updated
2026-04-28 16:32:01,154 - INFO - Processing 1 rows
2026-04-28 16:32:01,208 - INFO - Assigned label: Unhealthy Air
2026-04-28 16:32:01,224 - INFO - Inserted 1 rows
2026-04-28 16:32:02,099 - INFO - Plots updated
2026-04-28 16:33:02,109 - INFO - Processing 1 rows
2026-04-28 16:33:02,131 - INFO - Assigned label: Unhealthy Air
2026-04-28 16:33:02,139 - INFO - Inserted 1 rows
2026-04-28 16:33:02,503 - INFO - Plots updated
2026-04-28 16:34:02,520 - INFO - Processing 1 rows
2026-04-28 16:34:02,554 - INFO - Assigned label: Unhealthy Air
2026-04-28 16:34:02,561 - INFO - Inserted 1 rows
2026-04-28 16:34:02,890 - INFO - Plots updated
2026-04-28 16:35:02,902 - INFO - Processing 1 rows
2026-04-28 16:35:02,938 - INFO - Assigned label: Unhealthy Air
2026-04-28 16:35:02,952 - INFO - Inserted 1 rows
2026-04-28 16:35:03,704 - INFO - Plots updated
2026-04-28 16:36:03,709 - INFO - Processing 1 rows
2026-04-28 16:36:03,723 - INFO - Assigned label: Unhealthy Air
2026-04-28 16:36:03,728 - INFO - Inserted 1 rows
2026-04-28 16:36:04,015 - INFO - Plots updated
2026-04-28 16:37:04,020 - INFO - Processing 1 rows
2026-04-28 16:37:04,036 - INFO - Assigned label: Unhealthy Air
2026-04-28 16:37:04,040 - INFO - Inserted 1 rows
2026-04-28 16:37:04,348 - INFO - Plots updated
2026-04-28 16:38:04,357 - INFO - Processing 1 rows
2026-04-28 16:38:04,427 - INFO - Assigned label: Unhealthy Air
2026-04-28 16:38:04,450 - INFO - Inserted 1 rows
2026-04-28 16:38:05,126 - INFO - Plots updated
2026-04-28 16:39:05,136 - INFO - Processing 1 rows
2026-04-28 16:39:05,169 - INFO - Assigned label: Unhealthy Air
2026-04-28 16:39:05,179 - INFO - Inserted 1 rows
2026-04-28 16:39:05,458 - INFO - Plots updated
2026-04-28 16:40:05,481 - INFO - Processing 1 rows
2026-04-28 16:40:05,513 - INFO - Assigned label: Unhealthy Air
2026-04-28 16:40:05,523 - INFO - Inserted 1 rows
2026-04-28 16:40:06,430 - INFO - Plots updated
2026-04-28 16:42:09,598 - INFO - Processing 1 rows
2026-04-28 16:42:09,986 - INFO - Assigned label: Unhealthy Air
2026-04-28 16:42:10,011 - INFO - Inserted 1 rows
2026-04-28 16:42:12,058 - INFO - Plots updated
2026-04-28 16:45:27,422 - INFO - Processing 2 rows
2026-04-28 16:45:27,921 - INFO - Assigned label: Unhealthy Air
2026-04-28 16:45:27,999 - INFO - Inserted 2 rows
2026-04-28 16:45:31,541 - INFO - Plots updated
2026-04-28 16:48:08,243 - INFO - Processing 2 rows
2026-04-28 16:48:08,523 - INFO - Assigned label: Unhealthy Air
2026-04-28 16:48:08,560 - INFO - Inserted 2 rows
2026-04-28 16:48:10,431 - INFO - Plots updated
2026-04-28 16:49:10,452 - INFO - Processing 2 rows
2026-04-28 16:49:10,532 - INFO - Assigned label: Unhealthy Air
2026-04-28 16:49:10,557 - INFO - Inserted 2 rows
2026-04-28 16:49:11,048 - INFO - Plots updated
2026-04-28 16:50:11,069 - INFO - Processing 1 rows
2026-04-28 16:50:11,133 - INFO - Assigned label: Unhealthy Air
2026-04-28 16:50:11,161 - INFO - Inserted 1 rows
2026-04-28 16:50:11,734 - INFO - Plots updated
2026-04-28 16:51:11,761 - INFO - Processing 1 rows
2026-04-28 16:51:11,830 - INFO - Assigned label: Unhealthy Air
2026-04-28 16:51:11,853 - INFO - Inserted 1 rows
2026-04-28 16:51:12,371 - INFO - Plots updated
2026-04-28 16:52:12,399 - INFO - Processing 1 rows
2026-04-28 16:52:12,477 - INFO - Assigned label: Unhealthy Air
2026-04-28 16:52:12,502 - INFO - Inserted 1 rows
2026-04-28 16:52:13,350 - INFO - Plots updated
2026-04-28 16:53:13,378 - INFO - Processing 1 rows
2026-04-28 16:53:13,476 - INFO - Assigned label: Unhealthy Air
2026-04-28 16:53:13,507 - INFO - Inserted 1 rows
2026-04-28 16:53:14,324 - INFO - Plots updated
2026-04-28 16:54:14,336 - INFO - Processing 1 rows
2026-04-28 16:54:14,369 - INFO - Assigned label: Unhealthy Air
2026-04-28 16:54:14,378 - INFO - Inserted 1 rows
2026-04-28 16:54:14,998 - INFO - Plots updated
2026-04-28 16:55:15,010 - INFO - Processing 1 rows
2026-04-28 16:55:15,036 - INFO - Assigned label: Unhealthy Air
2026-04-28 16:55:15,045 - INFO - Inserted 1 rows
2026-04-28 16:55:16,380 - INFO - Plots updated
2026-04-28 16:56:16,390 - INFO - Processing 1 rows
2026-04-28 16:56:16,421 - INFO - Assigned label: Unhealthy Air
2026-04-28 16:56:16,437 - INFO - Inserted 1 rows
2026-04-28 16:56:17,022 - INFO - Plots updated
2026-04-28 16:57:17,030 - INFO - Processing 1 rows
2026-04-28 16:57:17,062 - INFO - Assigned label: Unhealthy Air
2026-04-28 16:57:17,071 - INFO - Inserted 1 rows
2026-04-28 16:57:17,689 - INFO - Plots updated
2026-04-28 16:58:17,700 - INFO - Processing 1 rows
2026-04-28 16:58:17,743 - INFO - Assigned label: Unhealthy Air
2026-04-28 16:58:17,755 - INFO - Inserted 1 rows
2026-04-28 16:58:18,373 - INFO - Plots updated
2026-04-28 16:59:18,382 - INFO - Processing 1 rows
2026-04-28 16:59:18,407 - INFO - Assigned label: Unhealthy Air
2026-04-28 16:59:18,416 - INFO - Inserted 1 rows
2026-04-28 16:59:18,997 - INFO - Plots updated
2026-04-28 17:00:19,003 - INFO - Processing 1 rows
2026-04-28 17:00:19,020 - INFO - Assigned label: Unhealthy Air
2026-04-28 17:00:19,025 - INFO - Inserted 1 rows
2026-04-28 17:00:19,336 - INFO - Plots updated
2026-04-28 17:01:19,341 - INFO - Processing 1 rows
2026-04-28 17:01:19,356 - INFO - Assigned label: Unhealthy Air
2026-04-28 17:01:19,362 - INFO - Inserted 1 rows
2026-04-28 17:01:19,636 - INFO - Plots updated
2026-04-28 17:02:19,643 - INFO - Processing 1 rows
2026-04-28 17:02:19,666 - INFO - Assigned label: Unhealthy Air
2026-04-28 17:02:19,675 - INFO - Inserted 1 rows
2026-04-28 17:02:19,992 - INFO - Plots updated
2026-04-28 17:03:19,998 - INFO - Processing 1 rows
2026-04-28 17:03:20,013 - INFO - Assigned label: Unhealthy Air
2026-04-28 17:03:20,018 - INFO - Inserted 1 rows
2026-04-28 17:03:20,290 - INFO - Plots updated
2026-04-28 17:04:20,295 - INFO - Processing 1 rows
2026-04-28 17:04:20,309 - INFO - Assigned label: Unhealthy Air
2026-04-28 17:04:20,313 - INFO - Inserted 1 rows
2026-04-28 17:04:20,582 - INFO - Plots updated
2026-04-28 17:05:20,606 - INFO - Processing 1 rows
2026-04-28 17:05:20,696 - INFO - Assigned label: Unhealthy Air
2026-04-28 17:05:20,727 - INFO - Inserted 1 rows
2026-04-28 17:05:21,734 - INFO - Plots updated
2026-04-28 17:06:21,744 - INFO - Processing 1 rows
2026-04-28 17:06:21,774 - INFO - Assigned label: Unhealthy Air
2026-04-28 17:06:21,785 - INFO - Inserted 1 rows
2026-04-28 17:06:22,375 - INFO - Plots updated
2026-04-28 17:07:22,396 - INFO - Processing 1 rows
2026-04-28 17:07:22,429 - INFO - Assigned label: Unhealthy Air
2026-04-28 17:07:22,438 - INFO - Inserted 1 rows
2026-04-28 17:07:23,033 - INFO - Plots updated
2026-04-28 17:08:23,059 - INFO - Processing 1 rows
2026-04-28 17:08:23,174 - INFO - Assigned label: Unhealthy Air
2026-04-28 17:08:23,188 - INFO - Inserted 1 rows
2026-04-28 17:08:23,806 - INFO - Plots updated
2026-04-28 17:09:23,818 - INFO - Processing 1 rows
2026-04-28 17:09:23,848 - INFO - Assigned label: Unhealthy Air
2026-04-28 17:09:23,856 - INFO - Inserted 1 rows
2026-04-28 17:09:24,475 - INFO - Plots updated
2026-04-28 17:10:24,485 - INFO - Processing 1 rows
2026-04-28 17:10:24,515 - INFO - Assigned label: Unhealthy Air
2026-04-28 17:10:24,526 - INFO - Inserted 1 rows
2026-04-28 17:10:25,150 - INFO - Plots updated
2026-04-28 17:11:25,160 - INFO - Processing 1 rows
2026-04-28 17:11:25,190 - INFO - Assigned label: Unhealthy Air
2026-04-28 17:11:25,199 - INFO - Inserted 1 rows
2026-04-28 17:11:25,777 - INFO - Plots updated
2026-04-28 17:12:25,782 - INFO - Processing 1 rows
2026-04-28 17:12:25,795 - INFO - Assigned label: Unhealthy Air
2026-04-28 17:12:25,799 - INFO - Inserted 1 rows
2026-04-28 17:12:26,230 - INFO - Plots updated
2026-04-28 17:13:26,241 - INFO - Processing 1 rows
2026-04-28 17:13:26,273 - INFO - Assigned label: Unhealthy Air
2026-04-28 17:13:26,282 - INFO - Inserted 1 rows
2026-04-28 17:13:26,874 - INFO - Plots updated
2026-04-28 17:14:26,882 - INFO - Processing 1 rows
2026-04-28 17:14:26,919 - INFO - Assigned label: Unhealthy Air
2026-04-28 17:14:26,931 - INFO - Inserted 1 rows
2026-04-28 17:14:28,184 - INFO - Plots updated
2026-04-28 17:15:28,189 - INFO - Processing 1 rows
2026-04-28 17:15:28,204 - INFO - Assigned label: Unhealthy Air
2026-04-28 17:15:28,209 - INFO - Inserted 1 rows
2026-04-28 17:15:28,471 - INFO - Plots updated
2026-04-28 17:16:28,481 - INFO - Processing 1 rows
2026-04-28 17:16:28,510 - INFO - Assigned label: Unhealthy Air
2026-04-28 17:16:28,518 - INFO - Inserted 1 rows
2026-04-28 17:16:29,112 - INFO - Plots updated
2026-04-28 17:17:29,132 - INFO - Processing 1 rows
2026-04-28 17:17:29,204 - INFO - Assigned label: Unhealthy Air
2026-04-28 17:17:29,224 - INFO - Inserted 1 rows
2026-04-28 17:17:29,552 - INFO - Plots updated
2026-04-28 17:18:29,566 - INFO - Processing 1 rows
2026-04-28 17:18:29,596 - INFO - Assigned label: Unhealthy Air
2026-04-28 17:18:29,604 - INFO - Inserted 1 rows
2026-04-28 17:18:30,186 - INFO - Plots updated
2026-04-28 17:19:30,196 - INFO - Processing 1 rows
2026-04-28 17:19:30,229 - INFO - Assigned label: Unhealthy Air
2026-04-28 17:19:30,240 - INFO - Inserted 1 rows
2026-04-28 17:19:30,848 - INFO - Plots updated
2026-04-28 17:20:30,859 - INFO - Processing 1 rows
2026-04-28 17:20:30,891 - INFO - Assigned label: Unhealthy Air
2026-04-28 17:20:30,898 - INFO - Inserted 1 rows
2026-04-28 17:20:31,492 - INFO - Plots updated
2026-04-28 17:21:31,498 - INFO - Processing 1 rows
2026-04-28 17:21:31,519 - INFO - Assigned label: Unhealthy Air
2026-04-28 17:21:31,567 - INFO - Inserted 1 rows
2026-04-28 17:21:31,859 - INFO - Plots updated
2026-04-28 17:22:31,865 - INFO - Processing 2 rows
2026-04-28 17:22:31,881 - INFO - Assigned label: Unhealthy Air
2026-04-28 17:22:31,885 - INFO - Inserted 2 rows
2026-04-28 17:22:32,158 - INFO - Plots updated
2026-04-28 17:23:32,184 - INFO - Processing 1 rows
2026-04-28 17:23:32,284 - INFO - Assigned label: Unhealthy Air
2026-04-28 17:23:32,320 - INFO - Inserted 1 rows
2026-04-28 17:23:33,066 - INFO - Plots updated
2026-04-28 17:24:33,073 - INFO - Processing 1 rows
2026-04-28 17:24:33,102 - INFO - Assigned label: Unhealthy Air
2026-04-28 17:24:33,110 - INFO - Inserted 1 rows
2026-04-28 17:24:35,321 - INFO - Plots updated
2026-04-28 17:25:35,326 - INFO - Processing 1 rows
2026-04-28 17:25:35,340 - INFO - Assigned label: Unhealthy Air
2026-04-28 17:25:35,346 - INFO - Inserted 1 rows
2026-04-28 17:25:35,624 - INFO - Plots updated
2026-04-28 17:26:35,629 - INFO - Processing 1 rows
2026-04-28 17:26:35,644 - INFO - Assigned label: Unhealthy Air
2026-04-28 17:26:35,648 - INFO - Inserted 1 rows
2026-04-28 17:26:35,920 - INFO - Plots updated
2026-04-28 17:27:35,929 - INFO - Processing 1 rows
2026-04-28 17:27:35,941 - INFO - Assigned label: Unhealthy Air
2026-04-28 17:27:35,946 - INFO - Inserted 1 rows
2026-04-28 17:27:36,215 - INFO - Plots updated
2026-04-28 17:28:36,220 - INFO - Processing 1 rows
2026-04-28 17:28:36,234 - INFO - Assigned label: Unhealthy Air
2026-04-28 17:28:36,239 - INFO - Inserted 1 rows
2026-04-28 17:28:36,505 - INFO - Plots updated
2026-04-28 17:29:36,510 - INFO - Processing 1 rows
2026-04-28 17:29:36,523 - INFO - Assigned label: Unhealthy Air
2026-04-28 17:29:36,527 - INFO - Inserted 1 rows
2026-04-28 17:29:36,778 - INFO - Plots updated
2026-04-28 17:30:36,782 - INFO - Processing 1 rows
2026-04-28 17:30:36,794 - INFO - Assigned label: Unhealthy Air
2026-04-28 17:30:36,798 - INFO - Inserted 1 rows
2026-04-28 17:30:37,048 - INFO - Plots updated
2026-04-28 17:31:37,070 - INFO - Processing 1 rows
2026-04-28 17:31:37,144 - INFO - Assigned label: Unhealthy Air
2026-04-28 17:31:37,171 - INFO - Inserted 1 rows
2026-04-28 17:31:37,420 - INFO - Plots updated
2026-04-28 17:32:37,439 - INFO - Processing 1 rows
2026-04-28 17:32:37,518 - INFO - Assigned label: Unhealthy Air
2026-04-28 17:32:37,543 - INFO - Inserted 1 rows
2026-04-28 17:32:37,984 - INFO - Plots updated
2026-04-28 17:33:38,004 - INFO - Processing 1 rows
2026-04-28 17:33:38,078 - INFO - Assigned label: Unhealthy Air
2026-04-28 17:33:38,098 - INFO - Inserted 1 rows
2026-04-28 17:33:38,696 - INFO - Plots updated
2026-04-28 17:34:38,727 - INFO - Processing 1 rows
2026-04-28 17:34:38,827 - INFO - Assigned label: Unhealthy Air
2026-04-28 17:34:38,859 - INFO - Inserted 1 rows
2026-04-28 17:34:39,753 - INFO - Plots updated
2026-04-28 17:35:39,761 - INFO - Processing 1 rows
2026-04-28 17:35:39,785 - INFO - Assigned label: Unhealthy Air
2026-04-28 17:35:39,792 - INFO - Inserted 1 rows
2026-04-28 17:35:40,344 - INFO - Plots updated
2026-04-28 17:36:40,371 - INFO - Processing 1 rows
2026-04-28 17:36:40,480 - INFO - Assigned label: Unhealthy Air
2026-04-28 17:36:40,514 - INFO - Inserted 1 rows
2026-04-28 17:36:41,257 - INFO - Plots updated
2026-04-28 17:37:41,266 - INFO - Processing 1 rows
2026-04-28 17:37:41,291 - INFO - Assigned label: Unhealthy Air
2026-04-28 17:37:41,299 - INFO - Inserted 1 rows
2026-04-28 17:37:41,867 - INFO - Plots updated
2026-04-28 17:38:41,876 - INFO - Processing 1 rows
2026-04-28 17:38:41,908 - INFO - Assigned label: Unhealthy Air
2026-04-28 17:38:41,917 - INFO - Inserted 1 rows
2026-04-28 17:38:42,498 - INFO - Plots updated
2026-04-28 17:39:42,509 - INFO - Processing 1 rows
2026-04-28 17:39:42,541 - INFO - Assigned label: Unhealthy Air
2026-04-28 17:39:42,551 - INFO - Inserted 1 rows
2026-04-28 17:39:43,163 - INFO - Plots updated
2026-04-28 17:40:43,173 - INFO - Processing 1 rows
2026-04-28 17:40:43,203 - INFO - Assigned label: Unhealthy Air
2026-04-28 17:40:43,210 - INFO - Inserted 1 rows
2026-04-28 17:40:43,777 - INFO - Plots updated
2026-04-28 17:41:43,787 - INFO - Processing 1 rows
2026-04-28 17:41:43,825 - INFO - Assigned label: Unhealthy Air
2026-04-28 17:41:43,834 - INFO - Inserted 1 rows
2026-04-28 17:41:44,475 - INFO - Plots updated
2026-04-28 17:42:44,484 - INFO - Processing 1 rows
2026-04-28 17:42:44,511 - INFO - Assigned label: Unhealthy Air
2026-04-28 17:42:44,519 - INFO - Inserted 1 rows
2026-04-28 17:42:45,064 - INFO - Plots updated
2026-04-28 17:43:45,075 - INFO - Processing 1 rows
2026-04-28 17:43:45,103 - INFO - Assigned label: Unhealthy Air
2026-04-28 17:43:45,114 - INFO - Inserted 1 rows
2026-04-28 17:43:46,244 - INFO - Plots updated
2026-04-28 17:44:46,256 - INFO - Processing 1 rows
2026-04-28 17:44:46,285 - INFO - Assigned label: Unhealthy Air
2026-04-28 17:44:46,295 - INFO - Inserted 1 rows
2026-04-28 17:44:46,570 - INFO - Plots updated
2026-04-28 17:45:46,580 - INFO - Processing 1 rows
2026-04-28 17:45:46,612 - INFO - Assigned label: Unhealthy Air
2026-04-28 17:45:46,621 - INFO - Inserted 1 rows
2026-04-28 17:45:47,177 - INFO - Plots updated
2026-04-28 17:46:47,195 - INFO - Processing 1 rows
2026-04-28 17:46:47,226 - INFO - Assigned label: Unhealthy Air
2026-04-28 17:46:47,236 - INFO - Inserted 1 rows
2026-04-28 17:46:47,800 - INFO - Plots updated
2026-04-28 17:47:47,812 - INFO - Processing 1 rows
2026-04-28 17:47:47,839 - INFO - Assigned label: Unhealthy Air
2026-04-28 17:47:47,849 - INFO - Inserted 1 rows
2026-04-28 17:47:48,419 - INFO - Plots updated
2026-04-28 17:48:48,428 - INFO - Processing 1 rows
2026-04-28 17:48:48,454 - INFO - Assigned label: Unhealthy Air
2026-04-28 17:48:48,463 - INFO - Inserted 1 rows
2026-04-28 17:48:48,716 - INFO - Plots updated
2026-04-28 17:49:48,720 - INFO - Processing 1 rows
2026-04-28 17:49:48,734 - INFO - Assigned label: Unhealthy Air
2026-04-28 17:49:48,738 - INFO - Inserted 1 rows
2026-04-28 17:49:48,967 - INFO - Plots updated
2026-04-28 17:50:49,001 - INFO - Processing 1 rows
2026-04-28 17:50:49,127 - INFO - Assigned label: Unhealthy Air
2026-04-28 17:50:49,143 - INFO - Inserted 1 rows
2026-04-28 17:50:49,833 - INFO - Plots updated
2026-04-28 17:51:49,843 - INFO - Processing 1 rows
2026-04-28 17:51:49,873 - INFO - Assigned label: Unhealthy Air
2026-04-28 17:51:49,884 - INFO - Inserted 1 rows
2026-04-28 17:51:50,494 - INFO - Plots updated
2026-04-28 17:52:50,502 - INFO - Processing 1 rows
2026-04-28 17:52:50,531 - INFO - Assigned label: Unhealthy Air
2026-04-28 17:52:50,542 - INFO - Inserted 1 rows
2026-04-28 17:52:51,074 - INFO - Plots updated
2026-04-28 17:53:51,086 - INFO - Processing 1 rows
2026-04-28 17:53:51,119 - INFO - Assigned label: Unhealthy Air
2026-04-28 17:53:51,130 - INFO - Inserted 1 rows
2026-04-28 17:53:52,046 - INFO - Plots updated
2026-04-28 17:54:52,051 - INFO - Processing 1 rows
2026-04-28 17:54:52,066 - INFO - Assigned label: Unhealthy Air
2026-04-28 17:54:52,071 - INFO - Inserted 1 rows
2026-04-28 17:54:52,342 - INFO - Plots updated
2026-04-28 17:55:52,352 - INFO - Processing 1 rows
2026-04-28 17:55:52,383 - INFO - Assigned label: Unhealthy Air
2026-04-28 17:55:52,394 - INFO - Inserted 1 rows
2026-04-28 17:55:52,977 - INFO - Plots updated
2026-04-28 17:56:52,986 - INFO - Processing 1 rows
2026-04-28 17:56:53,014 - INFO - Assigned label: Unhealthy Air
2026-04-28 17:56:53,023 - INFO - Inserted 1 rows
2026-04-28 17:56:53,325 - INFO - Plots updated
2026-04-28 17:57:53,335 - INFO - Processing 1 rows
2026-04-28 17:57:53,365 - INFO - Assigned label: Moderate Pollution
2026-04-28 17:57:53,374 - INFO - Inserted 1 rows
2026-04-28 17:57:53,957 - INFO - Plots updated
2026-04-28 17:58:53,968 - INFO - Processing 1 rows
2026-04-28 17:58:54,001 - INFO - Assigned label: Moderate Pollution
2026-04-28 17:58:54,010 - INFO - Inserted 1 rows
2026-04-28 17:58:54,600 - INFO - Plots updated
2026-04-28 17:59:54,609 - INFO - Processing 1 rows
2026-04-28 17:59:54,640 - INFO - Assigned label: Moderate Pollution
2026-04-28 17:59:54,651 - INFO - Inserted 1 rows
2026-04-28 17:59:55,046 - INFO - Plots updated
2026-04-28 18:02:44,979 - INFO - Processing 1 rows
2026-04-28 18:02:45,624 - INFO - Assigned label: Moderate Pollution
2026-04-28 18:02:45,721 - INFO - Inserted 1 rows
2026-04-28 18:02:49,034 - INFO - Plots updated
2026-04-28 18:04:19,566 - INFO - Processing 1 rows
2026-04-28 18:04:20,233 - INFO - Assigned label: Unhealthy Air
2026-04-28 18:04:20,314 - INFO - Inserted 1 rows
2026-04-28 18:04:25,286 - INFO - Plots updated
2026-04-28 18:05:25,291 - INFO - Processing 2 rows
2026-04-28 18:05:25,304 - INFO - Assigned label: Moderate Pollution
2026-04-28 18:05:25,308 - INFO - Inserted 2 rows
2026-04-28 18:05:25,812 - INFO - Plots updated
2026-04-28 18:06:25,821 - INFO - Processing 1 rows
2026-04-28 18:06:25,847 - INFO - Assigned label: Unhealthy Air
2026-04-28 18:06:25,855 - INFO - Inserted 1 rows
2026-04-28 18:06:26,919 - INFO - Plots updated
2026-04-28 18:07:26,924 - INFO - Processing 1 rows
2026-04-28 18:07:26,941 - INFO - Assigned label: Moderate Pollution
2026-04-28 18:07:26,945 - INFO - Inserted 1 rows
2026-04-28 18:07:27,209 - INFO - Plots updated
2026-04-28 18:08:27,215 - INFO - Processing 1 rows
2026-04-28 18:08:27,243 - INFO - Assigned label: Moderate Pollution
2026-04-28 18:08:27,253 - INFO - Inserted 1 rows
2026-04-28 18:08:27,534 - INFO - Plots updated
2026-04-28 18:09:27,539 - INFO - Processing 1 rows
2026-04-28 18:09:27,552 - INFO - Assigned label: Unhealthy Air
2026-04-28 18:09:27,556 - INFO - Inserted 1 rows
2026-04-28 18:09:27,809 - INFO - Plots updated
2026-04-28 18:10:27,815 - INFO - Processing 1 rows
2026-04-28 18:10:27,830 - INFO - Assigned label: Moderate Pollution
2026-04-28 18:10:27,836 - INFO - Inserted 1 rows
2026-04-28 18:10:28,123 - INFO - Plots updated
2026-04-28 18:11:28,128 - INFO - Processing 1 rows
2026-04-28 18:11:28,142 - INFO - Assigned label: Moderate Pollution
2026-04-28 18:11:28,149 - INFO - Inserted 1 rows
2026-04-28 18:11:28,409 - INFO - Plots updated
2026-04-28 18:12:28,413 - INFO - Processing 1 rows
2026-04-28 18:12:28,429 - INFO - Assigned label: Unhealthy Air
2026-04-28 18:12:28,433 - INFO - Inserted 1 rows
2026-04-28 18:12:28,699 - INFO - Plots updated
2026-04-28 18:13:28,703 - INFO - Processing 1 rows
2026-04-28 18:13:28,713 - INFO - Assigned label: Moderate Pollution
2026-04-28 18:13:28,717 - INFO - Inserted 1 rows
2026-04-28 18:13:28,970 - INFO - Plots updated
2026-04-28 18:14:28,974 - INFO - Processing 1 rows
2026-04-28 18:14:28,985 - INFO - Assigned label: Moderate Pollution
2026-04-28 18:14:28,990 - INFO - Inserted 1 rows
2026-04-28 18:14:29,241 - INFO - Plots updated
2026-04-28 18:15:29,249 - INFO - Processing 1 rows
2026-04-28 18:15:29,281 - INFO - Assigned label: Moderate Pollution
2026-04-28 18:15:29,289 - INFO - Inserted 1 rows
2026-04-28 18:15:29,916 - INFO - Plots updated
2026-04-28 18:16:29,927 - INFO - Processing 1 rows
2026-04-28 18:16:29,953 - INFO - Assigned label: Moderate Pollution
2026-04-28 18:16:29,960 - INFO - Inserted 1 rows
2026-04-28 18:16:31,120 - INFO - Plots updated
2026-04-28 18:17:31,126 - INFO - Processing 1 rows
2026-04-28 18:17:31,139 - INFO - Assigned label: Moderate Pollution
2026-04-28 18:17:31,144 - INFO - Inserted 1 rows
2026-04-28 18:17:31,394 - INFO - Plots updated
2026-04-28 18:18:31,404 - INFO - Processing 1 rows
2026-04-28 18:18:31,433 - INFO - Assigned label: Moderate Pollution
2026-04-28 18:18:31,442 - INFO - Inserted 1 rows
2026-04-28 18:18:31,707 - INFO - Plots updated
2026-04-28 18:19:31,717 - INFO - Processing 1 rows
2026-04-28 18:19:31,745 - INFO - Assigned label: Moderate Pollution
2026-04-28 18:19:31,756 - INFO - Inserted 1 rows
2026-04-28 18:19:32,041 - INFO - Plots updated
2026-04-28 18:20:32,051 - INFO - Processing 1 rows
2026-04-28 18:20:32,096 - INFO - Assigned label: Moderate Pollution
2026-04-28 18:20:32,104 - INFO - Inserted 1 rows
2026-04-28 18:20:32,808 - INFO - Plots updated
2026-04-28 18:21:32,817 - INFO - No new data
2026-04-28 18:21:33,441 - INFO - Plots updated
2026-04-28 18:22:33,453 - INFO - No new data
2026-04-28 18:22:34,005 - INFO - Plots updated
2026-04-28 18:23:34,013 - INFO - No new data
2026-04-28 18:23:34,638 - INFO - Plots updated
2026-04-28 18:24:34,648 - INFO - No new data
2026-04-28 18:24:35,332 - INFO - Plots updated
2026-04-28 18:25:35,341 - INFO - No new data
2026-04-28 18:25:36,588 - INFO - Plots updated
2026-04-28 18:26:36,592 - INFO - No new data
2026-04-28 18:26:36,867 - INFO - Plots updated
2026-04-28 18:27:36,871 - INFO - No new data
2026-04-28 18:27:37,125 - INFO - Plots updated
2026-04-28 18:28:37,137 - INFO - No new data
2026-04-28 18:28:37,532 - INFO - Plots updated
2026-04-28 18:29:37,540 - INFO - No new data
2026-04-28 18:29:38,061 - INFO - Plots updated
2026-04-28 18:30:38,067 - INFO - No new data
2026-04-28 18:30:38,384 - INFO - Plots updated
2026-04-28 18:31:38,393 - INFO - No new data
2026-04-28 18:31:39,026 - INFO - Plots updated
2026-04-28 18:32:39,030 - INFO - No new data
2026-04-28 18:32:39,298 - INFO - Plots updated
2026-04-28 18:33:39,304 - INFO - No new data
2026-04-28 18:33:39,622 - INFO - Plots updated
2026-04-28 18:34:39,632 - INFO - No new data
2026-04-28 18:34:39,915 - INFO - Plots updated
2026-04-28 18:35:39,934 - INFO - No new data
2026-04-28 18:35:41,639 - INFO - Plots updated
2026-04-28 18:36:41,643 - INFO - No new data
2026-04-28 18:36:41,941 - INFO - Plots updated
2026-04-28 18:37:41,947 - INFO - No new data
2026-04-28 18:37:42,300 - INFO - Plots updated
2026-04-28 18:38:42,321 - INFO - No new data
2026-04-28 18:38:42,835 - INFO - Plots updated
2026-04-28 18:42:28,056 - INFO - No new data
2026-04-28 18:42:33,823 - INFO - Plots updated
2026-04-28 18:43:33,837 - INFO - Processing 1 rows
2026-04-28 18:43:33,881 - INFO - Assigned label: Moderate Pollution
2026-04-28 18:43:33,893 - INFO - Inserted 1 rows
2026-04-28 18:43:34,330 - INFO - Plots updated
2026-04-28 18:46:22,282 - INFO - No new data
2026-04-28 18:46:32,687 - INFO - Plots updated
2026-04-28 18:50:59,076 - INFO - No new data
2026-04-28 18:51:06,900 - INFO - Plots updated
2026-04-28 18:52:06,946 - INFO - No new data
2026-04-28 18:52:07,591 - INFO - Plots updated
2026-04-28 18:53:09,716 - INFO - No new data
2026-04-28 18:56:20,003 - INFO - Plots updated
2026-04-28 19:00:05,362 - INFO - Processing 1 rows
2026-04-28 19:00:06,629 - INFO - Assigned label: Moderate Pollution
2026-04-28 19:00:06,818 - INFO - Inserted 1 rows
2026-04-28 19:00:51,868 - INFO - Plots updated
2026-04-28 19:01:54,277 - INFO - Processing 1 rows
2026-04-28 19:02:05,272 - INFO - Assigned label: Moderate Pollution
2026-04-28 19:02:15,276 - INFO - Inserted 1 rows
2026-04-28 19:04:28,094 - INFO - Plots updated
2026-04-28 19:05:28,206 - INFO - Processing 3 rows
2026-04-28 19:05:28,468 - INFO - Assigned label: Moderate Pollution
2026-04-28 19:05:28,511 - INFO - Inserted 3 rows
2026-04-28 19:05:30,877 - INFO - Plots updated
2026-04-28 19:07:06,490 - INFO - No new data
2026-04-28 19:07:11,389 - INFO - Plots updated
2026-04-28 19:08:11,400 - INFO - No new data
2026-04-28 19:08:11,959 - INFO - Plots updated
2026-04-28 19:09:11,969 - INFO - Processing 1 rows
2026-04-28 19:09:12,017 - INFO - Assigned label: Unhealthy Air
2026-04-28 19:09:12,032 - INFO - Inserted 1 rows
2026-04-28 19:09:12,631 - INFO - Plots updated
2026-04-28 19:10:12,646 - INFO - Processing 1 rows
2026-04-28 19:10:12,712 - INFO - Assigned label: Unhealthy Air
2026-04-28 19:10:12,728 - INFO - Inserted 1 rows
2026-04-28 19:10:13,621 - INFO - Plots updated
2026-04-28 19:11:13,637 - INFO - Processing 1 rows
2026-04-28 19:11:13,689 - INFO - Assigned label: Unhealthy Air
2026-04-28 19:11:13,704 - INFO - Inserted 1 rows
2026-04-28 19:11:14,629 - INFO - Plots updated
2026-04-28 19:12:14,637 - INFO - Processing 1 rows
2026-04-28 19:12:14,667 - INFO - Assigned label: Unhealthy Air
2026-04-28 19:12:14,678 - INFO - Inserted 1 rows
2026-04-28 19:12:15,264 - INFO - Plots updated
2026-04-28 19:13:15,273 - INFO - Processing 1 rows
2026-04-28 19:13:15,298 - INFO - Assigned label: Unhealthy Air
2026-04-28 19:13:15,307 - INFO - Inserted 1 rows
2026-04-28 19:13:15,912 - INFO - Plots updated
2026-04-28 19:14:15,921 - INFO - Processing 1 rows
2026-04-28 19:14:15,950 - INFO - Assigned label: Unhealthy Air
2026-04-28 19:14:15,958 - INFO - Inserted 1 rows
2026-04-28 19:14:17,256 - INFO - Plots updated
2026-04-28 19:15:17,267 - INFO - Processing 1 rows
2026-04-28 19:15:17,301 - INFO - Assigned label: Unhealthy Air
2026-04-28 19:15:17,314 - INFO - Inserted 1 rows
2026-04-28 19:15:17,973 - INFO - Plots updated
2026-04-28 19:17:56,447 - INFO - Processing 1 rows
2026-04-28 19:17:57,187 - INFO - Assigned label: Unhealthy Air
2026-04-28 19:17:57,283 - INFO - Inserted 1 rows
2026-04-28 19:18:01,617 - INFO - Plots updated
2026-04-28 19:19:01,636 - INFO - Processing 2 rows
2026-04-28 19:19:01,675 - INFO - Assigned label: Unhealthy Air
2026-04-28 19:19:01,686 - INFO - Inserted 2 rows
2026-04-28 19:19:02,388 - INFO - Plots updated
2026-04-28 19:20:02,412 - INFO - Processing 1 rows
2026-04-28 19:20:02,500 - INFO - Assigned label: Unhealthy Air
2026-04-28 19:20:02,524 - INFO - Inserted 1 rows
2026-04-28 19:20:03,942 - INFO - Plots updated
2026-04-28 19:21:03,948 - INFO - Processing 1 rows
2026-04-28 19:21:03,964 - INFO - Assigned label: Unhealthy Air
2026-04-28 19:21:03,969 - INFO - Inserted 1 rows
2026-04-28 19:21:04,346 - INFO - Plots updated
2026-04-28 19:22:04,354 - INFO - Processing 1 rows
2026-04-28 19:22:04,371 - INFO - Assigned label: Unhealthy Air
2026-04-28 19:22:04,377 - INFO - Inserted 1 rows
2026-04-28 19:22:04,671 - INFO - Plots updated
2026-04-28 19:23:04,678 - INFO - Processing 1 rows
2026-04-28 19:23:04,694 - INFO - Assigned label: Moderate Pollution
2026-04-28 19:23:04,700 - INFO - Inserted 1 rows
2026-04-28 19:23:05,002 - INFO - Plots updated
2026-04-28 19:24:05,010 - INFO - Processing 1 rows
2026-04-28 19:24:05,037 - INFO - Assigned label: Moderate Pollution
2026-04-28 19:24:05,052 - INFO - Inserted 1 rows
2026-04-28 19:24:05,351 - INFO - Plots updated
2026-04-28 19:25:05,356 - INFO - Processing 1 rows
2026-04-28 19:25:05,372 - INFO - Assigned label: Unhealthy Air
2026-04-28 19:25:05,377 - INFO - Inserted 1 rows
2026-04-28 19:25:05,974 - INFO - Plots updated
2026-04-28 19:26:05,979 - INFO - Processing 1 rows
2026-04-28 19:26:05,996 - INFO - Assigned label: Moderate Pollution
2026-04-28 19:26:06,002 - INFO - Inserted 1 rows
2026-04-28 19:26:06,274 - INFO - Plots updated
2026-04-28 19:27:06,280 - INFO - Processing 1 rows
2026-04-28 19:27:06,299 - INFO - Assigned label: Moderate Pollution
2026-04-28 19:27:06,303 - INFO - Inserted 1 rows
2026-04-28 19:27:06,572 - INFO - Plots updated
2026-04-28 19:28:06,578 - INFO - Processing 1 rows
2026-04-28 19:28:06,593 - INFO - Assigned label: Moderate Pollution
2026-04-28 19:28:06,598 - INFO - Inserted 1 rows
2026-04-28 19:28:06,864 - INFO - Plots updated
2026-04-28 19:29:06,870 - INFO - Processing 1 rows
2026-04-28 19:29:06,885 - INFO - Assigned label: Moderate Pollution
2026-04-28 19:29:06,890 - INFO - Inserted 1 rows
2026-04-28 19:29:07,152 - INFO - Plots updated
2026-04-28 19:30:07,163 - INFO - Processing 1 rows
2026-04-28 19:30:07,199 - INFO - Assigned label: Unhealthy Air
2026-04-28 19:30:07,212 - INFO - Inserted 1 rows
2026-04-28 19:30:08,021 - INFO - Plots updated
2026-04-28 19:31:08,033 - INFO - Processing 1 rows
2026-04-28 19:31:08,084 - INFO - Assigned label: Unhealthy Air
2026-04-28 19:31:08,095 - INFO - Inserted 1 rows
2026-04-28 19:31:08,731 - INFO - Plots updated
2026-04-28 19:32:08,741 - INFO - Processing 1 rows
2026-04-28 19:32:08,772 - INFO - Assigned label: Unhealthy Air
2026-04-28 19:32:08,784 - INFO - Inserted 1 rows
2026-04-28 19:32:09,412 - INFO - Plots updated
2026-04-28 19:33:09,417 - INFO - Processing 1 rows
2026-04-28 19:33:09,429 - INFO - Assigned label: Unhealthy Air
2026-04-28 19:33:09,435 - INFO - Inserted 1 rows
2026-04-28 19:33:09,694 - INFO - Plots updated
2026-04-28 19:34:09,699 - INFO - Processing 1 rows
2026-04-28 19:34:09,715 - INFO - Assigned label: Unhealthy Air
2026-04-28 19:34:09,719 - INFO - Inserted 1 rows
2026-04-28 19:34:09,983 - INFO - Plots updated
2026-04-28 19:35:09,987 - INFO - Processing 1 rows
2026-04-28 19:35:10,001 - INFO - Assigned label: Moderate Pollution
2026-04-28 19:35:10,007 - INFO - Inserted 1 rows
2026-04-28 19:35:10,504 - INFO - Plots updated
2026-04-28 19:36:10,509 - INFO - Processing 1 rows
2026-04-28 19:36:10,523 - INFO - Assigned label: Moderate Pollution
2026-04-28 19:36:10,527 - INFO - Inserted 1 rows
2026-04-28 19:36:10,792 - INFO - Plots updated
2026-04-28 19:37:10,797 - INFO - Processing 1 rows
2026-04-28 19:37:10,813 - INFO - Assigned label: Unhealthy Air
2026-04-28 19:37:10,818 - INFO - Inserted 1 rows
2026-04-28 19:37:11,081 - INFO - Plots updated
2026-04-28 19:38:11,085 - INFO - Processing 1 rows
2026-04-28 19:38:11,097 - INFO - Assigned label: Unhealthy Air
2026-04-28 19:38:11,101 - INFO - Inserted 1 rows
2026-04-28 19:38:11,347 - INFO - Plots updated
2026-04-28 19:39:11,352 - INFO - Processing 1 rows
2026-04-28 19:39:11,368 - INFO - Assigned label: Unhealthy Air
2026-04-28 19:39:11,373 - INFO - Inserted 1 rows
2026-04-28 19:39:11,652 - INFO - Plots updated
2026-04-28 19:40:11,661 - INFO - Processing 1 rows
2026-04-28 19:40:11,690 - INFO - Assigned label: Unhealthy Air
2026-04-28 19:40:11,700 - INFO - Inserted 1 rows
2026-04-28 19:40:12,299 - INFO - Plots updated
2026-04-28 19:41:12,307 - INFO - Processing 1 rows
2026-04-28 19:41:12,336 - INFO - Assigned label: Unhealthy Air
2026-04-28 19:41:12,345 - INFO - Inserted 1 rows
2026-04-28 19:41:12,932 - INFO - Plots updated
2026-04-28 19:42:12,936 - INFO - Processing 1 rows
2026-04-28 19:42:12,952 - INFO - Assigned label: Moderate Pollution
2026-04-28 19:42:12,956 - INFO - Inserted 1 rows
2026-04-28 19:42:13,216 - INFO - Plots updated
2026-04-28 19:43:13,256 - INFO - Processing 1 rows
2026-04-28 19:43:13,324 - INFO - Assigned label: Moderate Pollution
2026-04-28 19:43:13,338 - INFO - Inserted 1 rows
2026-04-28 19:43:13,972 - INFO - Plots updated
2026-04-28 19:44:13,977 - INFO - Processing 1 rows
2026-04-28 19:44:13,991 - INFO - Assigned label: Moderate Pollution
2026-04-28 19:44:13,996 - INFO - Inserted 1 rows
2026-04-28 19:44:14,247 - INFO - Plots updated
2026-04-28 19:45:14,258 - INFO - Processing 1 rows
2026-04-28 19:45:14,297 - INFO - Assigned label: Unhealthy Air
2026-04-28 19:45:14,309 - INFO - Inserted 1 rows
2026-04-28 19:45:15,566 - INFO - Plots updated
2026-04-28 19:46:15,570 - INFO - Processing 1 rows
2026-04-28 19:46:15,583 - INFO - Assigned label: Unhealthy Air
2026-04-28 19:46:15,587 - INFO - Inserted 1 rows
2026-04-28 19:46:15,842 - INFO - Plots updated
2026-04-28 19:47:15,850 - INFO - Processing 1 rows
2026-04-28 19:47:15,883 - INFO - Assigned label: Moderate Pollution
2026-04-28 19:47:15,895 - INFO - Inserted 1 rows
2026-04-28 19:47:16,465 - INFO - Plots updated
2026-04-28 19:48:16,470 - INFO - Processing 1 rows
2026-04-28 19:48:16,485 - INFO - Assigned label: Unhealthy Air
2026-04-28 19:48:16,490 - INFO - Inserted 1 rows
2026-04-28 19:48:16,821 - INFO - Plots updated
2026-04-28 19:49:16,827 - INFO - Processing 1 rows
2026-04-28 19:49:16,841 - INFO - Assigned label: Unhealthy Air
2026-04-28 19:49:16,846 - INFO - Inserted 1 rows
2026-04-28 19:49:17,130 - INFO - Plots updated
2026-04-28 19:50:17,138 - INFO - Processing 1 rows
2026-04-28 19:50:17,180 - INFO - Assigned label: Moderate Pollution
2026-04-28 19:50:17,189 - INFO - Inserted 1 rows
2026-04-28 19:50:17,896 - INFO - Plots updated
2026-04-28 19:51:17,903 - INFO - Processing 1 rows
2026-04-28 19:51:17,919 - INFO - Assigned label: Unhealthy Air
2026-04-28 19:51:17,925 - INFO - Inserted 1 rows
2026-04-28 19:51:18,296 - INFO - Plots updated
2026-04-28 19:52:18,304 - INFO - Processing 1 rows
2026-04-28 19:52:18,343 - INFO - Assigned label: Unhealthy Air
2026-04-28 19:52:18,353 - INFO - Inserted 1 rows
2026-04-28 19:52:19,029 - INFO - Plots updated
2026-04-28 19:53:19,039 - INFO - Processing 1 rows
2026-04-28 19:53:19,072 - INFO - Assigned label: Unhealthy Air
2026-04-28 19:53:19,081 - INFO - Inserted 1 rows
2026-04-28 19:53:19,745 - INFO - Plots updated
2026-04-28 19:54:19,765 - INFO - Processing 1 rows
2026-04-28 19:54:19,811 - INFO - Assigned label: Unhealthy Air
2026-04-28 19:54:19,822 - INFO - Inserted 1 rows
2026-04-28 19:54:20,521 - INFO - Plots updated
2026-04-28 19:55:20,532 - INFO - Processing 1 rows
2026-04-28 19:55:20,566 - INFO - Assigned label: Moderate Pollution
2026-04-28 19:55:20,580 - INFO - Inserted 1 rows
2026-04-28 19:55:21,898 - INFO - Plots updated
2026-04-28 19:56:21,911 - INFO - Processing 1 rows
2026-04-28 19:56:21,958 - INFO - Assigned label: Moderate Pollution
2026-04-28 19:56:21,974 - INFO - Inserted 1 rows
2026-04-28 19:56:22,722 - INFO - Plots updated
2026-04-28 19:57:22,734 - INFO - Processing 1 rows
2026-04-28 19:57:22,768 - INFO - Assigned label: Unhealthy Air
2026-04-28 19:57:22,778 - INFO - Inserted 1 rows
2026-04-28 19:57:23,438 - INFO - Plots updated
2026-04-28 19:58:23,445 - INFO - Processing 1 rows
2026-04-28 19:58:23,461 - INFO - Assigned label: Moderate Pollution
2026-04-28 19:58:23,466 - INFO - Inserted 1 rows
2026-04-28 19:58:23,741 - INFO - Plots updated
2026-04-28 19:59:23,749 - INFO - Processing 1 rows
2026-04-28 19:59:23,785 - INFO - Assigned label: Moderate Pollution
2026-04-28 19:59:23,794 - INFO - Inserted 1 rows
2026-04-28 19:59:24,455 - INFO - Plots updated
2026-04-28 20:00:24,467 - INFO - Processing 1 rows
2026-04-28 20:00:24,518 - INFO - Assigned label: Unhealthy Air
2026-04-28 20:00:24,530 - INFO - Inserted 1 rows
2026-04-28 20:00:25,216 - INFO - Plots updated
2026-04-28 20:01:25,225 - INFO - Processing 1 rows
2026-04-28 20:01:25,259 - INFO - Assigned label: Unhealthy Air
2026-04-28 20:01:25,270 - INFO - Inserted 1 rows
2026-04-28 20:01:25,952 - INFO - Plots updated
2026-04-28 20:02:25,957 - INFO - Processing 1 rows
2026-04-28 20:02:25,972 - INFO - Assigned label: Unhealthy Air
2026-04-28 20:02:25,976 - INFO - Inserted 1 rows
2026-04-28 20:02:26,253 - INFO - Plots updated
2026-04-28 20:03:26,258 - INFO - Processing 1 rows
2026-04-28 20:03:26,277 - INFO - Assigned label: Unhealthy Air
2026-04-28 20:03:26,282 - INFO - Inserted 1 rows
2026-04-28 20:03:26,546 - INFO - Plots updated
2026-04-28 20:04:26,551 - INFO - Processing 1 rows
2026-04-28 20:04:26,568 - INFO - Assigned label: Unhealthy Air
2026-04-28 20:04:26,574 - INFO - Inserted 1 rows
2026-04-28 20:04:26,914 - INFO - Plots updated
2026-04-28 20:05:26,919 - INFO - Processing 1 rows
2026-04-28 20:05:26,936 - INFO - Assigned label: Unhealthy Air
2026-04-28 20:05:26,941 - INFO - Inserted 1 rows
2026-04-28 20:05:27,193 - INFO - Plots updated
2026-04-28 20:06:27,199 - INFO - Processing 1 rows
2026-04-28 20:06:27,222 - INFO - Assigned label: Unhealthy Air
2026-04-28 20:06:27,227 - INFO - Inserted 1 rows
2026-04-28 20:06:27,556 - INFO - Plots updated
2026-04-28 20:07:27,561 - INFO - Processing 1 rows
2026-04-28 20:07:27,578 - INFO - Assigned label: Unhealthy Air
2026-04-28 20:07:27,583 - INFO - Inserted 1 rows
2026-04-28 20:07:28,190 - INFO - Plots updated
2026-04-28 20:08:28,195 - INFO - Processing 1 rows
2026-04-28 20:08:28,213 - INFO - Assigned label: Unhealthy Air
2026-04-28 20:08:28,219 - INFO - Inserted 1 rows
2026-04-28 20:08:28,534 - INFO - Plots updated
2026-04-28 20:09:28,540 - INFO - Processing 1 rows
2026-04-28 20:09:28,555 - INFO - Assigned label: Unhealthy Air
2026-04-28 20:09:28,560 - INFO - Inserted 1 rows
2026-04-28 20:09:28,879 - INFO - Plots updated
2026-04-28 20:10:28,884 - INFO - Processing 1 rows
2026-04-28 20:10:28,897 - INFO - Assigned label: Moderate Pollution
2026-04-28 20:10:28,902 - INFO - Inserted 1 rows
2026-04-28 20:10:29,169 - INFO - Plots updated
2026-04-28 20:11:29,174 - INFO - Processing 1 rows
2026-04-28 20:11:29,188 - INFO - Assigned label: Unhealthy Air
2026-04-28 20:11:29,193 - INFO - Inserted 1 rows
2026-04-28 20:11:29,456 - INFO - Plots updated
2026-04-28 20:12:29,460 - INFO - Processing 1 rows
2026-04-28 20:12:29,476 - INFO - Assigned label: Unhealthy Air
2026-04-28 20:12:29,482 - INFO - Inserted 1 rows
2026-04-28 20:12:29,760 - INFO - Plots updated
2026-04-28 20:13:29,765 - INFO - Processing 1 rows
2026-04-28 20:13:29,778 - INFO - Assigned label: Better Air
2026-04-28 20:13:29,783 - INFO - Inserted 1 rows
2026-04-28 20:13:30,048 - INFO - Plots updated
2026-04-28 20:14:30,053 - INFO - Processing 1 rows
2026-04-28 20:14:30,067 - INFO - Assigned label: Unhealthy Air
2026-04-28 20:14:30,072 - INFO - Inserted 1 rows
2026-04-28 20:14:30,334 - INFO - Plots updated
2026-04-28 20:15:30,338 - INFO - Processing 1 rows
2026-04-28 20:15:30,350 - INFO - Assigned label: Better Air
2026-04-28 20:15:30,354 - INFO - Inserted 1 rows
2026-04-28 20:15:30,649 - INFO - Plots updated
2026-04-28 20:16:30,655 - INFO - Processing 1 rows
2026-04-28 20:16:30,673 - INFO - Assigned label: Better Air
2026-04-28 20:16:30,677 - INFO - Inserted 1 rows
2026-04-28 20:16:30,998 - INFO - Plots updated
2026-04-28 20:17:31,003 - INFO - Processing 1 rows
2026-04-28 20:17:31,018 - INFO - Assigned label: Unhealthy Air
2026-04-28 20:17:31,022 - INFO - Inserted 1 rows
2026-04-28 20:17:31,543 - INFO - Plots updated
2026-04-28 20:18:31,549 - INFO - Processing 1 rows
2026-04-28 20:18:31,564 - INFO - Assigned label: Better Air
2026-04-28 20:18:31,569 - INFO - Inserted 1 rows
2026-04-28 20:18:31,855 - INFO - Plots updated
2026-04-28 20:19:31,862 - INFO - Processing 1 rows
2026-04-28 20:19:31,880 - INFO - Assigned label: Unhealthy Air
2026-04-28 20:19:31,887 - INFO - Inserted 1 rows
2026-04-28 20:19:32,173 - INFO - Plots updated
2026-04-28 20:20:32,182 - INFO - Processing 1 rows
2026-04-28 20:20:32,209 - INFO - Assigned label: Unhealthy Air
2026-04-28 20:20:32,215 - INFO - Inserted 1 rows
2026-04-28 20:20:32,527 - INFO - Plots updated
2026-04-28 20:21:32,531 - INFO - Processing 1 rows
2026-04-28 20:21:32,544 - INFO - Assigned label: Unhealthy Air
2026-04-28 20:21:32,548 - INFO - Inserted 1 rows
2026-04-28 20:21:32,818 - INFO - Plots updated
2026-04-28 20:22:32,823 - INFO - Processing 1 rows
2026-04-28 20:22:32,838 - INFO - Assigned label: Unhealthy Air
2026-04-28 20:22:32,842 - INFO - Inserted 1 rows
2026-04-28 20:22:33,115 - INFO - Plots updated
